id,CGPA
2309,7.074532491206044
22405,8.436454179891642
23398,5.234054446931687
25059,7.290163411898467
2665,5.490567066342747
8512,7.310203460289956
5149,8.396374083108665
7791,7.234852878337957
11312,6.810003852438388
19044,8.535852819913428
10785,4.523835131937314
22247,5.076940467542412
3269,4.645678626157567
15948,6.774733367269368
14978,4.935056924930669
14475,5.6709275018661485
28695,5.982750654837719
14055,4.56712163646293
26546,4.776339741670076
14981,7.0801437047556615
17637,7.6564954964948875
3932,6.938260162143918
8388,7.294171421576765
8029,5.736658860590233
9483,5.200387165633985
22573,6.850083949221366
15108,8.009200348185095
3674,7.345473945458977
21389,5.266920126293729
5938,5.868923179974061
27034,6.091768518087419
29272,6.460505408490819
21881,6.429242933000095
6509,4.434055715143442
21458,5.738262064461552
20072,8.279340200502368
27013,7.90819850429199
10093,8.639259469613512
22568,4.7274420235948424
12977,8.481343888288578
3814,5.143473428202156
7338,6.99036428796179
24484,4.8813495952414785
19593,5.311008232755005
5122,6.184754342623929
14906,5.294976194041814
8224,6.654493076920433
2869,5.770326141887935
2343,5.250086485644878
8833,6.0637124503393345
7933,8.195973599193774
16558,7.253289722858127
20605,7.0368572002300445
12984,8.101384570785946
3015,8.039661221740158
27332,5.694975559935935
12125,8.688157187688745
3753,5.1162189623897305
27388,8.12863903659837
12336,4.829245469423607
11545,4.6601074609994395
11357,4.725838819723523
2677,7.8440703494392245
28739,7.081746908626981
29996,5.4023908534201945
20748,7.278139382863573
13376,7.245273703501532
17987,5.601188133463767
7886,6.172730313589035
13333,4.51181110290242
9586,5.882550412880273
6333,6.033251576784272
24430,7.137859044123149
18080,7.481746274521102
5202,6.101387741315334
748,7.226836858981361
9761,5.215617602411516
29613,7.679741952629015
19993,7.432046954510209
23190,5.81521585028487
25536,5.505797503120279
17964,6.034053178719931
25247,4.563113626784632
5082,6.791567007918218
9351,5.8681215780384015
10983,4.5911696945327165
23622,7.0079995305463
13236,5.693372356064616
19368,7.961905833981181
1191,8.67853796446083
822,6.4589022046195
15879,6.021227547749378
20498,5.837660704483338
9420,5.756698908981722
28101,5.532250366997044
8893,6.659302688534391
4462,4.937461730737648
25230,5.985957062580357
29986,7.108199772503745
12607,6.848480745350047
25979,7.739862097803482
19133,7.750282922967056
14741,6.228040847149545
12147,7.20920161639685
2745,7.006396326674982
10115,7.5162151577544645
2384,8.430842966342025
9154,5.764714928338318
1407,7.557898458408761
16561,6.626437009172348
19362,7.5715256913149735
10343,6.3025898271658845
27757,8.712205245758533
17615,6.015616334199761
19907,4.4885646467682925
24531,7.8168158836268
27309,4.965517798485733
17789,8.321825103092324
13076,6.866115987934558
22090,6.786757396304261
28574,4.453294161599272
20569,5.260507310808452
17891,8.014811561734712
16838,7.159502296385957
6553,5.735857258654573
19638,4.740267654565396
18295,7.180343946713107
2877,5.786358180601126
2983,4.678544305519609
17411,7.683749962307312
15163,5.596378521849809
2154,7.148279869286724
18701,4.611209742924206
7668,8.188759181772838
15244,4.987161050748541
16858,6.540665602056775
13962,4.758704499085566
218,8.369119617296239
23288,5.387160416642663
2214,4.640869014543609
6581,7.0079995305463
27603,5.809604636735253
19377,7.071326083463406
7540,8.652085100584065
14977,4.922231293960117
10129,7.592367341642122
5706,4.520628724194675
5954,4.515017510645058
539,5.101790127547859
21664,5.635657016697127
21568,8.579139324439044
28983,6.744272493714304
7428,7.044071617650981
20726,7.581946516478548
4182,5.72303162768402
18702,8.182346366287561
15415,4.563113626784632
12155,4.863714352656968
580,8.418818937307133
2169,8.480542286352918
24420,5.408002066969812
251,8.232045686298454
15693,4.552692801621058
9972,4.789165372640629
16181,8.02042277528433
11490,8.104590978528584
9145,6.318621865879076
29433,5.678141919287085
25791,6.886156036326048
5772,8.792365439324488
26747,8.419620539242793
2326,4.559907219041994
15431,4.67694110164829
431,8.22082325919922
10769,4.5791456654978235
2533,5.346278717924026
2458,8.620021023157683
19187,6.469323029783074
27236,7.3959748674055295
22292,6.932648948594302
11213,7.0504844331362575
506,4.641670616479269
23113,7.175534335099149
18780,7.432848556445869
19083,5.184355126920794
17895,6.926236133109025
19007,5.707801190906489
19691,6.60479375690954
27094,5.333453086953472
23180,8.09417015336501
12627,6.551888029156009
3835,8.168719133381348
1331,7.139462247994469
21467,8.506995150229685
23829,5.525837551511768
2542,8.343468355355133
28613,5.121028574003688
21996,4.948684157836882
11900,7.43044375063889
25873,5.326238669532536
26226,5.169926292078921
15806,7.444872585480763
9556,7.662106710044505
7568,4.5278431416156115
3508,5.420827697940364
8835,4.653694645514163
18785,5.995576285808272
29858,7.920222533326884
23588,6.6440722517568584
28268,6.357900360726394
5845,4.696179548104119
26477,7.902587290742373
24199,8.415612529564495
28882,8.42282694698543
4846,4.499787073867527
4986,7.525032779046719
23400,7.977937872694373
25570,8.408398112143558
20263,6.253692109090651
20857,8.771523788997339
26823,8.066114085616924
9318,5.229244835317729
25507,5.947480169668698
14848,8.321825103092324
7843,6.573531281418816
28648,6.031648372912953
29985,8.414009325693176
13049,6.866115987934558
25100,4.97112901203535
14857,5.3807476011573865
25014,6.8805448227764305
10740,5.263713718551091
16095,6.29377220587363
2209,7.608399380355314
18841,5.500186289570662
28273,5.187561534663432
22373,8.135853454019307
2267,5.85128793738955
5227,4.541470374521824
28302,5.678943521222744
21579,8.108598988206882
20123,8.057296464324669
17893,6.102189343250993
20928,5.75990531672436
13023,6.133451818741717
20737,4.780347751348374
27367,8.785151021903552
11741,8.292165831472921
6548,5.2228320198324525
3283,5.133052603038582
15615,5.774334151566232
23662,7.552287244859144
2277,8.545472043141343
26051,4.985557846877222
12355,6.590364922067668
16486,6.739462882100346
19536,4.963112992678754
18674,6.230445652956524
8697,7.50499273065523
22565,7.406395692569103
16380,7.937056173975735
25295,8.090963745622371
28681,6.975935453119918
24992,6.1278406051921
29670,8.543067237334364
5837,7.233249674466638
10236,5.162711874657985
22825,5.712610802520446
280,6.437258952356691
22377,6.086157304537803
25274,6.01641793613542
5161,6.963109822149365
29753,5.930646529019848
3691,4.782752557155352
5916,7.129041422830895
11579,7.912206513970288
18079,8.039661221740158
19537,5.572330463780022
26024,6.234453662634822
29720,8.040462823675817
21740,7.415213313861358
25744,7.655693894559228
20553,6.515815942051328
11703,6.556697640769967
11515,7.832046320404332
9007,6.401988467187671
11743,7.98194588237267
28262,5.332651485017813
16470,8.502987140551387
13677,8.005192338506797
20164,8.229640880491475
16786,7.433650158381528
29323,5.477741435372193
15694,6.069323663888952
17336,6.824432687280261
3736,6.577539291097115
25485,6.032449974848612
3644,8.31621388954271
7199,7.527437584853698
25366,8.065312483681264
24937,7.435253362252848
21306,6.096578129701377
29366,6.300986623294565
21524,5.2957777959774734
21719,5.52263114376913
1838,8.216815249520922
29916,4.956700177193477
10985,8.523027188942876
9304,7.493770303555996
12800,5.940265752247762
1458,7.123430209281278
1093,5.977139441288102
4150,5.391168426320961
11009,6.155896672940185
27069,5.933051334826826
9190,7.250083315115489
4933,4.509406297095441
14466,7.841665543632246
4557,7.39437166353421
11489,5.948281771604358
12075,8.732245294150022
25102,4.434857317079102
16798,7.803990252656247
20071,5.701388375421212
14419,6.688160358218134
28246,8.611203401865428
25390,6.559102446576945
24997,6.757098124684857
17279,7.732647680382545
6482,6.5334511846358385
8021,7.645273069395653
9101,5.969925023867166
17477,4.54948639387842
8590,6.700184387253028
29162,7.744671709417439
24516,5.549885609581555
27275,4.581550471304802
23873,4.687361926811865
29364,8.522225587007217
1504,8.23845850178373
9937,6.441266962034989
10940,8.504590344422706
20295,6.395575651702394
3950,6.423631719450478
6439,7.080945306691321
13620,5.289364980492197
14304,4.719426004238247
22094,8.572726508953767
15949,7.6645115158514825
28190,7.448880595159061
13065,5.784754976729807
13251,6.105395750993632
29167,4.494977462253569
7744,4.854095129429053
26227,5.223633621768112
7756,5.6669194921878505
1413,8.283348210180666
6529,6.517419145922648
1123,5.2781425533929625
16334,8.40679490827224
5246,5.588362502493213
12153,6.391567642024096
19641,8.026835590769606
25208,7.9723266591447555
9434,5.529845561190066
7469,8.362706801810962
29012,6.169523905846397
11032,5.855295947067848
29443,6.66010429047005
7294,5.299785805655771
12972,7.992366707536244
5347,8.575131314760746
14471,8.722626070922107
28812,6.434052544614053
15963,8.14627427918288
24275,6.830845502765537
21150,4.486961442896973
10864,4.976740225584967
17755,6.264914536189885
4485,7.32062428545353
10561,7.892166465578799
24578,6.031648372912953
20327,7.618018603583228
21717,4.757902897149906
10599,5.916217694177975
1434,8.668117139297255
5861,6.245676089734056
12427,8.411604519886197
10981,6.834853512443835
22045,6.585555310453711
27831,5.437661338589216
23078,8.472526266996322
26377,7.649281079073951
10407,6.532649582700179
23491,4.976740225584967
19567,8.224831268877518
11473,4.545478384200122
12064,8.317817093414028
8932,5.46732061020862
10969,6.326637885235671
27756,5.698983569614233
26848,4.667321878420375
1611,6.1110069645432485
29237,5.174735903692879
16267,4.539065568714845
12394,5.70539638509951
26840,7.2043920047828935
2768,7.996374717214542
12777,4.667321878420375
23177,4.929445711381052
217,7.607597778419654
24877,5.8288430831910825
6166,8.611203401865428
3902,5.096980515933901
21232,8.468518257318024
24637,6.079744489052526
10000,8.33144432632024
14798,8.449279810862196
6088,6.3025898271658845
14460,6.692969969832092
2857,6.71621642596622
18218,6.722629241451496
17042,4.568724840334249
12415,6.29297060393797
9673,5.991568276129974
517,7.294973023512425
11624,5.217220806282835
8282,7.143470257672766
20257,8.703387624466277
12079,4.955096973322158
17735,6.1583014787471635
2158,5.784754976729807
28082,6.8412663279291115
10727,4.972732215906669
29031,6.420425311707841
3097,8.041264425611477
22754,4.801991003611182
3109,6.717819629837539
10277,6.927839336980345
21882,4.748283673921991
6428,6.523030359472264
9253,6.869322395677196
2407,6.967117831827663
25039,8.623227430900322
14643,7.836855932018289
24744,6.244874487798397
18525,4.744275664243693
13421,8.655291508326702
3399,8.672125148975553
8944,7.310203460289956
27173,4.975137021713648
6940,7.11781899573166
27316,5.584354492814916
28315,6.449282981391585
27775,6.799583027274814
9817,7.8104030681415235
16140,5.066519642378838
9419,4.890167216533734
12316,5.5939737160428304
2519,7.807998262334545
29752,6.389162836217118
16602,7.631645836489441
17593,6.979141860862557
5101,8.209600832099987
9843,8.328237918577601
17188,8.29376903534424
7278,8.381945248266792
18773,7.848879961053182
10079,5.971528227738485
21771,7.288560208027148
26444,6.585555310453711
9893,5.507400706991598
6329,8.599980974766193
10046,4.8813495952414785
26120,5.977139441288102
14330,7.281345790606212
26756,5.358302746958919
11847,6.276136963289119
16587,4.591971296468376
17551,5.4617093966590025
21265,5.807199830928274
15092,7.232448072530978
23481,5.887360024494231
18394,7.258099334472083
22277,4.436460520950421
10400,6.899783269232259
8165,4.491771054510931
22501,4.995177070105137
10884,5.271729737907686
23087,8.327436316641942
24673,7.2204240434960845
13721,8.75469014834849
17847,5.746278083818147
3383,5.020026730110583
9846,8.001985930764159
18833,8.350682772776068
19341,5.239665660481304
7340,7.959501028174202
14369,8.175933550802284
14660,8.704189226401937
429,5.7911677922150835
16205,6.03725958646257
17508,7.90900010622765
625,8.167917531445688
28356,7.483349478392421
17171,7.477738264842804
1139,7.081746908626981
17664,7.806395058463226
24512,6.032449974848612
19543,8.272927385017091
4409,5.265316922422409
17121,8.153488696603816
10353,5.349485125666664
29597,7.5322471964676545
9478,8.760301361898106
10300,8.53184481023513
2886,5.54026638635364
18418,6.693771571767751
7501,7.764711757808929
2684,5.752690899303424
23494,4.975137021713648
17173,5.231649641124708
22925,7.098580549275831
9899,8.426033354728068
6217,7.483349478392421
20720,5.326238669532536
7979,7.071326083463406
11406,6.366717982018649
5552,6.12703900325644
739,7.239662489951915
28718,7.35669637255821
10747,8.660902721876319
27646,7.8520863687958204
7072,8.470923063125003
1711,8.681744372203468
3509,5.030447555274158
23163,7.937857775911394
29050,6.469323029783074
13805,7.436856566124167
13493,6.0813476929238455
18341,7.203590402847233
12052,5.70619798703517
15956,7.28375059641319
18004,6.968721035698982
7780,5.604394541206405
9004,7.781545398457779
15747,5.953892985153974
25482,4.838063090715862
734,7.112207782182043
14199,7.1787407428417875
21907,5.9811474509664
21045,5.757500510917382
15821,5.151489447558752
18843,8.067717289488243
20245,6.287359390388353
8204,5.11702056432539
28967,8.69937961478798
10587,8.612806605736747
19592,7.088961326047916
20200,5.24527687403092
18897,6.49497429172418
23629,8.571123305082448
4970,4.643273820350588
12622,6.8292422988942185
8248,5.383152406964365
24383,4.436460520950421
2905,6.048482013561803
20274,4.7883637707049695
12102,6.32984429297831
6070,4.850087119750755
12141,6.5711264756118375
3699,6.454092593005543
29678,5.891368034172529
1913,5.682951530901041
6401,7.073730889270385
4476,8.071725299166541
23455,6.664112300148348
29218,5.420827697940364
8346,5.072130855928455
26624,6.672929921440603
26598,8.569520101211129
10039,5.208403184990581
3264,5.892169636108188
10262,6.579944096904094
16983,8.235252094041092
4978,5.0096059049470085
11328,8.09497175530067
28217,4.7410692565010555
20347,5.177140709499858
4230,7.3783396248210185
5219,5.447280561817131
15845,5.215617602411516
19913,6.858901570513622
1428,8.12863903659837
8122,7.915412921712926
12794,4.436460520950421
10147,6.388361234281458
25768,7.489762293877698
26730,8.539059227656066
14500,5.331849883082153
10439,7.961104232045521
14564,6.208000798758055
16383,4.605598529374589
12948,6.609603368523498
16405,5.6805467250940636
16384,4.450087753856634
27166,7.819220689433779
6798,6.939061764079578
11388,5.470527017951258
16954,6.301788225230226
2042,8.56631369346849
9404,8.030843600447902
14051,5.7438732780111685
2908,5.403994057291515
9200,8.058098066260328
8740,8.710602041887213
14411,8.059701270131647
29288,6.534252786571498
1661,7.7414653016748005
7319,6.295375409744949
11789,7.92823855268348
17307,4.7370612468227575
24754,5.377541193414748
24338,8.524630392814196
27317,6.652889873049114
4982,7.35669637255821
14771,7.344672343523317
28422,4.441270132564378
26900,7.708599622312759
20087,6.18234953681695
4985,5.648482647667681
15282,7.945072193332329
26495,7.790363019750034
21582,4.987161050748541
897,5.963512208381889
1685,8.258498550175219
16498,7.141867053801448
16984,6.802789435017452
11194,7.019221957645534
9521,8.611203401865428
1488,6.9182201137524295
22668,4.468524598376804
25029,4.6168209564738225
9634,8.375532432781515
22324,6.005997110971846
10243,7.537858410017272
21378,7.842467145567906
15737,7.965913843659479
25682,5.9811474509664
8355,5.832049490933721
6347,4.526239937744292
14000,7.858499184281097
11991,7.973929863016075
5428,4.849285517815096
17695,8.767515779319043
24222,6.468521427847414
5641,8.672926750911213
12706,7.525032779046719
5721,4.430047705465144
22235,8.11180539594952
12464,8.000382726892841
25709,4.531049549358249
18837,7.282948994477531
17815,6.780344580818985
3484,6.240866478120099
17087,7.440062973866805
15981,7.261305742214723
27219,6.836456716315154
17817,7.888158455900502
21190,7.6821467584359935
3231,6.115816576157206
2477,8.594369761216576
27720,8.190362385644157
24626,8.47653427667462
9428,7.029642782809109
15519,4.893373624276372
27759,4.740267654565396
7998,6.753090115006559
7256,8.087757337879733
645,6.738661280164687
2508,6.289764196195332
17732,8.622425828964662
10354,4.875738381691861
12739,6.065315654210654
3474,6.276938565224778
23598,5.545877599903257
27975,7.171526325420851
1228,7.577136904864591
3800,8.2568953463039
11623,7.133049432509193
10206,4.9502873617082015
3659,4.944676148158584
28295,8.577536120567725
18554,7.694972389406546
22256,5.129044593360284
16012,7.31982268351787
12418,4.605598529374589
2562,8.231244084362794
20242,5.63164900701883
27943,8.578337722503385
18073,4.986359448812881
12557,8.469319859253684
16339,5.26451532048675
6563,5.827239879319763
15294,5.63164900701883
22257,4.602392121631951
174,6.669723513697965
14494,6.633651426593284
20381,6.074133275502909
25075,5.836859102547678
17600,8.759499759962447
17347,6.609603368523498
23854,6.989562686026131
2228,4.7410692565010555
19996,8.757094954155468
2586,6.325034681364352
29775,7.87212641718731
26537,7.383950838370636
5743,6.1703255077820565
23432,4.45650056934191
9943,7.383950838370636
17116,6.377138807182224
10815,6.905394482781876
12519,6.0084019167788245
8787,7.15629588864332
10885,7.4055940906334445
14539,8.381945248266792
13535,8.382746850202452
21874,8.171123939188327
4872,5.065718040443178
22357,8.376334034717175
19937,6.263311332318565
19682,5.514615124412534
11199,5.237260854674325
8157,6.204794391015418
20147,5.693372356064616
1091,5.880947209008954
11256,8.613608207672407
12527,5.9611074025749105
27116,6.086157304537803
763,6.390766040088437
3411,4.605598529374589
18342,8.389159665687728
6272,5.490567066342747
7503,4.49257265644659
11942,7.83525272814697
27617,6.820424677601963
16202,6.168722303910737
7478,7.684551564242971
17698,6.965514627956344
2899,4.720227606173906
1617,7.533048798403314
22618,4.729846829401821
20237,6.087760508409122
21322,8.645672285098788
14478,8.321825103092324
27381,7.088961326047916
21267,8.78835742964619
10020,8.683347576074787
24663,6.506998320759074
8575,7.700583602956163
21507,5.879344005137636
8365,6.10860215873627
2959,7.646074671331313
26274,8.167917531445688
25181,6.427639729128776
28002,8.62643383864296
21694,6.471727835590053
26188,7.67092433133676
28018,5.407200465034152
9768,6.736256474357708
6290,7.763910155873269
23339,5.349485125666664
35,5.824835073512785
8846,6.8019878330817924
24192,8.556694470240577
10804,7.764711757808929
18888,4.816419838453054
22337,6.831647104701196
15200,7.952286610753266
3483,6.848480745350047
10657,4.571931248076887
21454,6.67773953305456
2993,5.1458782340091345
3704,6.579944096904094
5747,8.719419663179469
29769,6.271327351675161
551,6.187159148430908
22666,6.949482589243153
6175,4.863714352656968
3403,5.713412404456106
13518,5.496178279892364
16127,4.572732850012547
5035,4.491771054510931
24659,6.769923755655411
21164,8.305793064379134
20423,8.60719539218713
15210,6.2745337594178
6112,6.506998320759074
15231,4.939866536544627
1792,6.744272493714304
5648,6.572729679483158
10155,8.49737592700177
7913,8.556694470240577
1279,6.339463516206225
4520,5.340667504374409
24783,6.262509730382906
2849,5.966718616124528
12210,7.365513993850466
3470,5.695777161871595
5655,8.701784420594958
27913,5.699785171549893
28054,8.640061071549171
28421,7.1138109860533625
19833,4.737862848758417
24714,4.914215274603521
14574,6.041267596140867
23635,6.981546666669535
424,5.123433379810667
10005,5.289364980492197
14929,5.580346483136618
18241,6.575936087225795
12341,6.944672977629195
29407,8.733848498021342
3247,5.746278083818147
14148,5.783151772858488
10576,5.532250366997044
14972,7.960302630109862
18697,7.407197294504764
2944,5.767921336080956
20843,4.427642899658165
27700,6.601587349166902
7965,5.343873912117047
11288,5.216419204347176
7924,6.409202884608606
5713,7.3783396248210185
17977,7.478539866778464
8440,7.987557095922287
25047,8.241664909526369
1247,5.827239879319763
9116,7.813609475884162
12750,7.805593456527566
3848,5.4496853676241095
5788,5.30138900952709
342,8.237656899848071
17829,6.123030993578142
20465,5.750286093496445
7398,5.864113568360104
8320,5.932249732891167
9104,8.589560149602619
11924,8.381945248266792
12696,6.484553466560605
4236,7.6388602539103765
1079,7.551485642923485
17235,7.841665543632246
23030,8.416414131500154
2394,4.614416150666844
12619,4.5871616848544186
26834,5.70619798703517
25436,6.758701328556176
1677,6.599984145295583
5501,8.725832478664746
20890,4.8516903236220745
7894,7.511405546140507
8414,8.770722187061681
3581,4.8949768281476915
10582,4.835658284908884
10709,7.513810351947486
9839,8.692966799302702
26663,7.56030326421574
2648,8.026033988833946
23897,4.652091441642844
20570,8.595171363152236
15050,7.482547876456762
15336,5.87132798578104
27264,6.516617543986988
20659,7.961104232045521
3965,5.8801456070732945
1805,4.753894887471608
14700,4.45569896740625
22013,7.288560208027148
24002,8.076534910780499
21528,5.6589034728312555
21367,6.451687787198564
23069,7.359902780300849
19139,4.4725326080551016
3799,7.383149236434976
14971,6.757899726620517
6815,8.070923697230882
12377,6.558300844641286
3106,7.366315595786125
8086,5.72303162768402
26827,4.5615104229133125
14760,5.76070691866002
23731,7.497778313234294
28097,5.72383322961968
27924,5.146679835944794
10573,7.0288411808734494
24157,8.446875005055217
29612,4.821229450067012
19561,5.088964496577305
15002,7.784751806200417
1340,8.141464667568922
15063,6.64166744594988
7901,4.942271342351606
17960,7.787958213943056
9092,7.098580549275831
4144,8.710602041887213
21437,6.771526959526729
25688,5.661308278638234
12849,5.262912116615431
14001,7.17473273316349
17673,4.854095129429053
26729,7.628439428746803
8858,6.739462882100346
9723,4.756299693278587
27792,5.08175007915637
1973,7.96431063978816
7250,7.354291566751232
18929,8.65769631413368
10310,5.367120368251174
5199,7.680543554564674
22965,8.126234230791392
19588,5.973933033545464
6690,7.626836224875483
9133,5.67012589993049
13539,8.115011803692157
10719,7.225233655110042
18973,8.05569326045335
23424,4.86050794491433
4081,7.94587379526799
26446,5.230848039189048
14332,4.62163056808778
25917,4.650488237771524
10960,6.061307644532356
8926,7.945072193332329
1922,6.236056866506141
3209,6.49497429172418
25890,6.859703172449281
29431,6.3795436129892025
8592,6.780344580818985
13119,8.499780732808748
3746,4.876539983627521
17355,6.608801766587838
13619,5.7967790057647
13763,7.099382151211491
14658,6.9871578802191525
500,6.838059920186473
5200,7.35749797449387
8286,5.630045803147511
28413,4.769926926184799
10526,5.544274396031938
23797,7.848879961053182
19818,6.380345214924862
13641,8.484550296031216
7,8.511804761843642
22370,7.314211469968253
97,6.980745064733876
22368,7.0112059382889385
11496,4.405999647395357
14637,8.667315537361597
21791,7.68695637004995
3586,5.033653963016796
2112,5.869724781909721
16000,5.843271918032954
26795,5.341469106310068
3695,6.195175167787503
28117,6.958300210535407
21814,4.8516903236220745
18621,6.84286953180043
22200,5.788762986408104
23261,6.500585505273797
11457,6.5037919130164354
9531,8.34587316116211
20222,8.252887336625601
14650,5.1041949333548375
27749,5.361509154701557
27654,4.826840663616628
17067,5.016820322367945
8363,6.60479375690954
10024,6.301788225230226
3379,7.290163411898467
26349,5.9017888593361025
21033,6.6023889511025615
8275,5.57714007539398
11538,5.862510364488784
13317,5.6589034728312555
20388,5.320627455982919
22047,7.9979779210858615
12782,6.5214271556009455
18904,6.265716138125544
16712,8.596774567023555
23590,5.30138900952709
14726,6.983951472476514
20959,5.11782216626105
1669,7.830443116533012
24759,7.829641514597353
4337,7.112207782182043
15544,6.042870800012186
24410,8.801183060616744
10991,7.7887598158787155
12164,6.688160358218134
4411,4.64006741260795
2859,7.9939699114075635
10578,5.809604636735253
25786,4.829245469423607
463,5.6156169683056385
6225,5.226038427575091
9575,7.765513359744588
14984,5.687761142515
18398,4.93425532299501
5763,6.719422833708857
18606,6.930244142787323
10773,6.054093227111419
8526,7.830443116533012
21372,7.547477633245187
24541,5.910606480628358
25628,4.495779064189229
29903,5.821628665770147
8687,5.728642841233637
4283,7.483349478392421
22836,8.230442482427135
16478,5.8208270638344874
17589,6.850083949221366
7733,8.757094954155468
17598,8.14467107531156
26014,8.13024224046969
20496,7.346275547394637
7404,6.91661690988111
11888,6.944672977629195
20101,7.636455448103399
17547,8.163107919831731
2347,8.680141168332149
22578,5.529845561190066
27870,7.116215791860341
21041,6.492569485917201
12644,8.006795542378116
21286,6.927037735044685
16690,5.110607748840113
27350,4.610408140988547
14559,4.611209742924206
5437,6.514212738180009
25615,5.932249732891167
16089,7.909801708163309
28781,5.340667504374409
10534,6.191968760044865
15545,4.5061998893528035
8778,6.7049939988669855
18098,5.083353283027689
6426,6.951085793114471
20236,5.408002066969812
16783,5.746278083818147
25355,5.362310756637217
2975,7.994771513343223
879,8.102186172721606
4757,8.252085734689942
13978,6.3458763316915014
5557,5.708602792842148
1289,4.529446345486931
23709,5.900185655464783
5872,6.796376619532175
28746,6.967919433763322
6715,8.595972965087896
13212,7.747076515224418
9316,7.820022291369439
23965,5.990766674194314
15416,7.052087637007576
346,6.458100602683841
10613,7.147478267351064
29486,7.7414653016748005
23504,4.442071734500038
13708,8.740261313506617
16172,5.991568276129974
26860,5.008002701075689
9949,6.684152348539836
11975,5.213212796604538
10290,4.758704499085566
15412,7.454491808708678
2321,6.323431477493033
16996,5.232451243060368
12770,8.006795542378116
4458,5.8937728399795075
21828,6.5887617181963485
27348,6.01802114000674
25113,4.978343429456286
27684,7.793569427492672
10399,7.751886126838375
29430,4.910207264925223
23372,4.445278142242676
574,4.562312024848972
24938,5.81521585028487
7175,6.261708128447247
19058,4.499787073867527
17715,4.698584353911098
18656,8.321023501156667
16309,8.11180539594952
15403,5.302992213398409
21081,7.085754918305279
27103,7.105794966696767
11136,8.776333400611296
2603,5.511408716669896
4179,5.958702596767932
19678,5.432851726975258
24010,6.4444733697776275
19162,5.955496189025293
22995,7.254892926729446
15982,7.718218845540674
24628,7.923428941069522
18876,6.194373565851844
9540,5.186759932727773
2820,5.841668714161635
28497,4.633654597122674
7726,8.05328845464637
24507,7.017618753774215
29509,5.199585563698325
1451,8.532646412170791
12340,7.48655588613506
20269,5.344675514052707
398,8.262506559853517
4868,7.161105500257277
4745,6.186357546495248
2241,4.626440179701738
8675,7.533850400338974
9888,8.680141168332149
9243,5.541067988289299
16144,6.844472735671749
29112,4.793173382318927
7443,7.546676031309527
6907,7.7077980203770995
6523,6.614412980137455
29405,8.438057383762962
16613,8.630441848321258
14993,4.6168209564738225
24361,7.925032144940841
19794,8.690561993495724
12586,6.032449974848612
21606,6.447679777520266
22797,6.963109822149365
19287,7.7294412726399075
8352,7.650082681009611
93,6.535855990442817
13039,5.981949052902059
11873,6.78916220211124
17386,7.680543554564674
11734,8.69617320704534
24315,6.559904048512605
23678,6.6063969607808595
16967,7.958699426238542
2731,8.78755582771053
11223,8.248077725011644
1484,6.116618178092866
24134,7.048881229264937
27254,5.470527017951258
26552,7.773529379101183
5983,7.166716713806894
13102,7.751886126838375
21111,7.043270015715321
22744,5.203593573376623
9294,4.680949111326588
6910,5.180347117242496
27273,8.569520101211129
7043,8.701784420594958
6629,4.470929404183782
27597,8.708998838015894
18368,5.819223859963168
20490,4.644877024221907
29690,6.139063032291334
11307,6.560705650448265
24179,5.573933667651342
7365,8.250482530818623
28702,4.602392121631951
26690,6.705795600802645
15957,7.11781899573166
18110,5.015217118496626
24014,8.73705490576398
352,7.492968701620336
8300,5.018423526239264
3877,8.481343888288578
11154,7.263710548021701
10301,5.593172114107171
21714,4.7274420235948424
14444,8.106194182399904
16766,6.900584871167919
26931,5.450486969559769
21348,4.394777220296124
743,7.523429575175399
11353,6.010005120650144
3065,7.353489964815573
27495,4.850087119750755
23735,6.786757396304261
14511,6.621627397558391
8652,6.8116070563097075
27923,5.776738957373211
25881,8.381945248266792
15548,4.8180230423243735
29697,7.2853538002845095
25270,7.879340834608246
18552,6.642469047885539
5211,5.315817844368962
15913,7.231646470595319
17463,7.188359966069703
1088,7.446475789352082
7133,8.14627427918288
9996,7.095374141533194
27047,8.199981608872072
29018,4.791570178447608
18838,8.388358063752069
18198,6.986356278283493
15644,4.670528286163013
4580,8.359500394068323
11379,6.326637885235671
1054,7.428840546767571
12218,8.292967433408581
18918,7.526635982918037
20778,5.6156169683056385
14098,7.547477633245187
21850,8.799579856745424
19437,5.861708762553125
4581,8.050883648839392
19595,4.942271342351606
18108,4.954295371386499
23967,4.700989159718077
24871,6.765915745977113
11995,6.251287303283673
25338,4.45650056934191
6215,8.29617384115122
28062,6.948680987307492
10674,7.461706226129614
19961,6.470926233654393
4207,5.439264542460535
21344,8.280943404373687
13433,5.542671192160618
10868,4.434857317079102
26692,6.541467203992434
21742,7.28375059641319
3548,8.414009325693176
25699,6.84286953180043
1119,5.297380999848793
4707,6.061307644532356
25163,7.382347634499316
16672,6.938260162143918
627,4.700989159718077
2885,7.361505984172169
18416,6.3931708458954155
25241,4.785157362962331
27176,8.131043842405347
12029,8.046074037225434
29574,5.481749445050491
10329,7.114612587989022
9203,5.651689055410319
1537,4.922231293960117
4703,7.081746908626981
20530,6.001187499357888
26118,7.282147392541871
29358,6.4484813794559255
22596,6.10780055680061
448,8.334650734062878
22035,6.545475213670732
9933,4.871730372013564
20521,5.441669348267514
27304,5.787961384472445
25632,6.408401282672947
4141,4.853293527493394
20433,6.844472735671749
12529,4.5358591609722065
12236,7.444070983545103
8030,8.665712333490276
11128,4.703393965525056
21915,5.913812888370996
12533,7.130644626702214
12827,8.434850976020323
13009,6.643270649821199
12643,8.107797386271221
22263,7.069722879592087
28213,7.911404912034628
9214,6.482950262689286
14054,5.238864058545644
6149,8.724229274793426
20124,7.803990252656247
3161,5.020828332046243
274,4.551089597749739
23230,5.052090807536966
16188,6.184754342623929
3319,6.553491233027328
3712,4.710608382945992
13507,5.801588617378657
12555,7.064913267978129
18835,6.331447496849629
6831,7.379141226756678
11575,5.33746109663177
3661,6.020425945813718
12520,7.870523213315991
18087,7.129041422830895
20483,4.687361926811865
15790,5.087361292705987
8758,4.721029208109566
1442,4.422031686108549
18686,7.7294412726399075
4541,4.687361926811865
3384,7.128239820895235
13125,5.084154884963349
7571,4.709005179074673
10863,7.30459224674034
26041,8.558297674111897
15228,5.63164900701883
6120,4.739466052629736
18925,4.463714986762846
8892,4.717822800366927
10477,7.233249674466638
2230,7.7037900106988015
1816,6.1029909451866535
18337,8.651283498648406
2282,5.660506676702575
24557,6.443671767841968
19880,5.44808216375279
27003,7.0721276853990656
844,7.637257050039057
15678,6.401988467187671
15393,5.131449399167263
9166,4.626440179701738
12768,6.057299634854058
15844,8.173528744995306
11143,4.954295371386499
22275,5.0136139146253065
3257,7.5835497203498665
3906,4.563113626784632
10388,4.994375468169477
13572,8.772325390932998
18637,6.915815307945451
20127,8.649680294777086
28186,4.97112901203535
12043,5.285356970813899
18011,8.479740684417258
7318,6.773130163398049
12322,4.85970634297867
5385,6.685755552411156
10456,5.75990531672436
22915,7.125033413152597
20304,6.552689631091669
2716,7.9506834068819465
6726,8.106995784335563
345,8.772325390932998
15307,8.042066027547136
14122,6.136658226484355
964,8.171925541123986
2013,4.674536295841311
3243,4.9029928475042865
4895,6.313812254265118
25998,5.018423526239264
25792,7.671725933272419
15725,6.353090749112438
11752,6.125435799385121
22810,7.552287244859144
23717,7.406395692569103
3426,4.63926581067229
27152,5.369525174058153
4590,5.034455564952456
26784,7.619621807454548
8448,6.948680987307492
15638,4.974335419777988
23741,7.85288797073148
9403,6.837258318250813
21911,7.937857775911394
5506,8.015613163670372
20400,4.880547993305819
8024,4.847682313943777
2572,6.020425945813718
2223,4.65850425712812
23131,6.8019878330817924
10425,6.427639729128776
3859,8.329039520513263
4242,4.4332541132077825
11864,4.730648431337481
3475,5.602791337335086
2130,7.915412921712926
14919,7.1314462286378735
28358,8.285753015987645
29587,7.663709913915824
18478,7.111406180246384
7406,6.187159148430908
24492,6.628040213043667
27750,4.5478831900071
18624,6.884552832454728
4673,4.896580032019011
28968,8.199180006936412
665,7.65088428294527
12224,4.609606539052887
3980,5.857700752874827
14740,4.6601074609994395
30000,7.086556520240938
11766,8.750682138670191
16484,4.9070008571825845
14768,6.078942887116867
7564,4.82363425587399
10513,6.050886819368782
16938,6.718621231773199
25983,7.552287244859144
2981,4.941469740415946
7554,8.191163987579817
4392,4.544676782264462
28660,8.106995784335563
26670,4.949485759772542
11667,6.626437009172348
12368,8.733848498021342
13523,4.5102078990311005
7331,8.227236074684496
4535,4.496580666124888
4721,8.706594032208915
13361,8.730642090278703
1924,5.8344542967407
2930,7.930643358490458
18594,7.941064183654032
24911,6.631246620786305
21020,7.7767357868438225
5389,8.042867629482796
13329,8.237656899848071
9990,6.624833805301029
21935,5.997981091615251
16335,4.931850517188031
20686,6.983951472476514
2623,7.491365497749017
8650,7.6148121958405905
20831,7.163510306064255
12699,4.810808624903437
23911,4.523033530001654
16223,8.232847288234113
16027,4.500588675803186
3707,8.49577272313045
279,5.022431535917562
7485,5.166719884336283
18572,7.238860888016255
11277,5.505797503120279
21310,5.3174210482402815
6864,6.331447496849629
19707,8.398778888915643
20415,8.182346366287561
15487,8.593568159280917
20797,7.9506834068819465
29479,7.080945306691321
5781,4.782752557155352
11409,6.912608900202812
11636,5.731849248976276
9408,6.976737055055578
11151,7.576335302928931
5502,4.45569896740625
853,6.298581817487587
7938,8.31380908373573
17595,8.292165831472921
14171,5.9194241019206135
23843,6.6440722517568584
23772,7.561104866151399
23565,6.067720460017632
10494,6.03725958646257
11074,7.001586715061024
16417,5.215617602411516
11861,8.660902721876319
11145,7.414411711925699
21831,6.721827639515836
23842,4.648083431964546
26799,8.212005637906966
17790,5.157902263044028
13665,8.063709279809945
13109,7.234852878337957
18765,4.460508579020208
9513,6.1326502168060575
8825,4.890167216533734
11936,8.563107285725852
7664,7.104993364761107
16259,4.591971296468376
197,4.87814318749884
18714,6.587158514325029
28526,5.003994691397391
24665,6.036457984526909
24600,5.053694011408285
7553,5.3727315818007915
324,6.432449340742734
15028,5.181950321113815
22675,4.519025520323356
313,6.193571963916185
23935,5.85208953932521
28527,4.495779064189229
22489,5.016820322367945
1556,8.597576168959215
3519,7.010404336353279
5546,5.369525174058153
23391,5.315016242433302
15669,5.134655806909901
7269,8.614409809608066
2035,4.948684157836882
29815,8.410802917950537
475,5.181950321113815
12974,7.786355010071737
26502,7.391165255791572
28182,5.446478959881471
6012,7.457698216451315
19439,4.453294161599272
27161,4.974335419777988
7692,5.535456774739682
19322,6.269724147803842
28778,6.774733367269368
776,4.5695264422699085
2202,7.795974233299651
28819,6.281748176838736
7761,4.8220310520026715
20384,7.0112059382889385
28270,5.61481536636998
22110,7.699782001020504
11713,8.452486218604834
28058,6.729042056936772
14668,6.574332883354477
8726,6.07172846969593
3924,4.865317556528288
27875,8.101384570785946
28641,7.637257050039057
2142,4.628844985508716
15595,5.472130221822577
23105,6.7522885130709
11792,6.931045744722982
24135,5.09858371980522
15659,6.074934877438569
22345,8.538257625720407
21656,7.991565105600586
7566,5.773532549630573
12638,5.783953374794147
980,6.462108612362138
26975,7.965913843659479
14673,5.735055656718914
29746,8.487756703773854
8154,5.841668714161635
675,6.80759904663141
28547,7.274131373185275
22459,8.199981608872072
10145,4.91581847847484
14633,5.412811678583769
18040,7.223630451238723
9729,6.566316863997882
26876,4.595979306146674
25364,5.04407478818037
25496,5.6629114825095535
14085,5.879344005137636
15099,6.470124631718733
22063,6.306597836844182
23594,4.718624402302588
4668,6.708200406609624
27410,6.498982301402478
9775,5.806398228992615
8488,5.382350805028706
15565,8.182346366287561
1378,5.954694587089634
7081,5.19156954434173
17482,5.004796293333051
16388,7.98274748430833
24693,5.257300903065814
8279,4.789165372640629
19403,6.5687216698048605
13695,6.951085793114471
24631,5.470527017951258
19033,6.672128319504944
10575,7.636455448103399
18958,5.342270708245728
28347,4.5791456654978235
100,4.856499935236032
20322,5.456899785045046
15066,5.275737747585984
8905,7.731044476511227
7709,7.679741952629015
23260,8.267316171467474
6240,4.663313868742078
3101,6.935053754401281
1427,6.924632929237706
15215,7.315013071903913
21655,7.9859538920509685
29219,8.523027188942876
15764,8.78915903158185
12928,4.700187557782417
25043,5.060106826893561
21040,7.895372873321437
19353,6.284152982645715
27659,5.597180123785469
16355,6.5374591943141365
1256,8.616814615415045
21127,7.098580549275831
4048,5.76070691866002
25344,4.718624402302588
3078,6.728240455001113
7232,5.857700752874827
3048,4.717822800366927
23578,7.749481321031396
26768,6.596777737552944
24849,6.618420989815752
5624,7.871324815251651
12215,7.681345156500333
13087,5.055297215279604
18363,5.998782693550909
26866,4.751490081664629
25173,7.502587924848251
6245,5.0945757101269225
4126,4.486159840961314
29750,7.72463166102595
2679,5.880947209008954
8880,5.097782117869561
5007,5.072932457864114
18742,5.310206630819345
4449,8.608798596058449
29513,6.7049939988669855
17602,7.552287244859144
20638,7.084151714433959
23436,5.298182601784452
6713,8.362706801810962
6268,8.005192338506797
873,4.781149353284033
17467,8.75148374060585
14802,6.78755899823992
27585,6.855695162770983
20766,7.068119675720768
24356,5.5009878915063215
26726,5.8424703160972955
1024,5.02643954559586
25425,6.3378603123349055
24166,8.655291508326702
706,7.496976711298634
5605,6.045275605819165
16011,6.401988467187671
12288,6.69617637757473
14242,8.32984112244892
25359,7.203590402847233
14256,5.573933667651342
9621,8.511003159907983
14188,5.920225703856273
20301,6.970324239570301
17820,7.902587290742373
11912,8.410001316014878
5139,7.06411166604247
25759,7.66932112746544
29874,5.107401341097476
10264,7.074532491206044
17440,7.723028457154632
19156,7.7591005442593115
16149,6.204794391015418
19808,6.496577495595499
11239,6.2055959929510776
27743,5.612410560563001
5815,6.3378603123349055
11153,4.478143821604719
10952,5.743071676075509
22475,8.721022867050788
22147,6.793170211789537
13578,8.042867629482796
25140,5.618021774112617
27248,4.673734693905652
21667,4.931048915252371
22829,8.361905199875302
26385,6.038862790333888
14215,6.9182201137524295
25868,6.150285459390568
14920,5.110607748840113
21292,5.068122846250157
867,5.581148085072277
3223,6.151888663261887
16198,6.086157304537803
9393,6.707398804673964
27378,8.454089422476152
6603,7.995573115278883
16688,7.992366707536244
29384,7.848078359117523
9193,5.274936145650324
20630,6.187159148430908
8677,6.149483857454908
7176,6.754693318877878
6165,8.161504715960412
8890,5.711007598649127
16005,5.450486969559769
23863,7.048881229264937
4406,6.485355068496265
9527,7.383149236434976
12216,8.683347576074787
21589,4.589566490661397
7555,8.485351897966876
7086,7.3390611299737
23708,5.697380365742914
14887,5.109004544968794
4640,8.147877483054199
5392,7.827236708790374
14481,6.401988467187671
8743,6.938260162143918
2534,8.480542286352918
9227,7.549080837116506
3698,7.559501662280081
26089,4.95108896364386
27896,8.761904565769425
22975,7.262908946086041
21951,7.024031569259492
21218,5.308603426948026
16115,5.257300903065814
24379,4.9623113907430945
29495,6.036457984526909
20713,4.712211586817311
22590,4.937461730737648
23437,5.246078475966581
929,7.317417877710891
6886,8.062106075938626
7101,7.018420355709875
5457,5.7775405593088704
9094,7.597978555191739
27305,7.919420931391224
23184,7.0761356950773635
17920,7.850483164924501
15874,7.33986273190936
9649,5.844875121904274
12478,4.644877024221907
19729,6.462108612362138
17182,6.559102446576945
3123,6.709803610480943
9301,5.630847405083171
29295,4.894175226212032
5415,4.680147509390928
4385,7.731044476511227
11189,4.824435857809649
19272,8.735451701892659
10950,7.863308795895055
19418,6.876536813098133
10084,5.190767942406071
28740,8.379540442459813
26311,5.583552890879256
1412,5.002391487526073
11451,6.693771571767751
29848,5.359905950830238
9310,5.436859736653556
22844,5.776738957373211
15245,5.671729103801808
5750,6.836456716315154
3511,6.156698274875843
14146,7.848078359117523
24141,5.22684002951075
29072,7.806395058463226
19265,7.718218845540674
21006,8.114210201756498
6945,7.601986564870037
14510,7.933048164297436
2765,6.80759904663141
15695,6.252890507154992
16414,8.299380248893858
13111,8.153488696603816
3069,7.13866064605881
19070,5.2404672624169635
27098,6.885354434390387
7050,8.67693476058951
4470,5.865716772231423
6326,6.298581817487587
11683,6.103792547122312
22759,7.310203460289956
12671,8.656093110262363
14065,6.405996476865969
20503,5.726238035426658
4904,8.524630392814196
13558,7.502587924848251
9100,4.8813495952414785
5844,8.551884858626618
15802,8.01721636754169
29936,8.644870683163129
12618,8.498177528937429
22166,6.9951738995757475
8280,5.721428423812701
27895,8.45649422828313
29884,7.490563895813358
9702,6.9951738995757475
18186,8.194370395322455
28721,7.379141226756678
6532,8.652886702519725
5326,5.628442599276192
26052,8.578337722503385
6539,7.061706860235491
9580,8.595972965087896
912,4.64006741260795
12168,6.3538923510480965
492,4.761910906828204
20339,6.4308461368714145
23910,8.312205879864411
16551,8.695371605109681
1389,7.288560208027148
20640,5.214816000475857
5860,8.563908887661514
17597,8.021224377219989
6647,7.733449282318205
1699,7.004793122803662
17757,6.974332249248599
3299,5.110607748840113
4973,7.068921277656427
15492,8.176735152737944
17134,4.913413672667861
10841,8.210402434035647
24532,6.087760508409122
24048,7.803990252656247
18068,6.808400648567069
16471,8.620822625093343
16868,6.838059920186473
21610,5.455296581173726
25046,5.088162894641647
9490,6.389162836217118
13631,5.385557212771344
21480,5.37353318373645
13495,6.774733367269368
29158,8.461303839897088
12574,6.198381575530142
24581,4.684957121004886
27835,6.369924389761287
11592,7.826435106854715
13686,8.236053695976752
1104,6.267319341996863
29603,7.637257050039057
11083,7.44968219709472
26937,6.246477691669716
9135,5.732650850911935
3923,7.065714869913789
21012,6.413210894286904
29721,5.09938532174088
14899,8.558297674111897
14945,7.6901627777925885
11897,5.831247888998061
20805,6.8492823472857065
6920,6.786757396304261
24634,5.198783961762666
1476,7.10098535508281
1732,7.819220689433779
2541,7.218019237689106
27604,8.161504715960412
23527,8.36671481148926
25088,7.9426673875253515
5712,4.541470374521824
1982,8.695371605109681
23107,7.177939140906128
15394,6.7466772995212825
17625,7.783950204264758
2281,8.634449857999554
22097,6.631246620786305
25582,5.379945999221727
1110,5.096980515933901
7213,8.034851610126202
2719,4.97032741009969
25458,6.387559632345798
20028,8.761904565769425
11525,8.650481896712746
2933,4.93345372105935
16443,6.381948418796181
2509,5.686959540579339
8378,6.354693952983757
24186,8.421223743114112
791,5.036058768823774
3821,7.644471467459994
26479,6.992769093768769
24238,8.154290298539475
11503,5.142671826266496
1835,8.268919375338793
25431,7.141065451865789
20045,7.2460753054371905
6485,6.5510864272203495
16811,5.618823376048277
21894,6.176738323267333
1589,5.6196249779839365
6251,6.381948418796181
25340,8.58715534379564
15840,7.8280383107260345
5129,8.006795542378116
26923,8.045272435289775
22799,6.890164046004345
23693,7.10098535508281
4094,6.86210797825626
27035,4.813213430710416
17901,6.3378603123349055
16704,8.668918741232915
25694,5.352691533409303
12456,8.500582334744408
20392,5.768722938016616
4570,6.62242899949405
4344,4.497382268060548
26874,6.823631085344601
5785,7.095374141533194
7919,5.141068622395178
23212,6.676136329183241
4105,6.519022349793967
21602,6.6023889511025615
29705,6.14627744971227
24790,7.1001837531471494
5928,5.537861580546661
9683,5.953892985153974
8212,5.716618812198744
20445,8.086154134008414
29215,4.502993481610165
26407,6.140666236162653
3266,8.774730196739977
2389,8.413207723757516
2498,7.491365497749017
16271,4.7234340139165445
11258,7.537858410017272
12682,4.91501687653918
4204,6.416417302029543
19671,8.764309371576404
15429,7.772727777165524
13545,8.726634080600405
5046,5.10018692367654
5187,4.708203577139013
26483,4.432452511272123
28418,6.436457350421032
28990,5.817620656091849
7582,6.047680411626144
6484,5.537861580546661
26475,7.997176319150202
21354,4.5061998893528035
8410,7.314211469968253
47,7.572327293250633
15618,6.912608900202812
18969,6.805194240824431
14306,6.460505408490819
10190,7.427237342896253
29000,8.757896556091127
29418,8.42042214117845
17384,4.497382268060548
3580,6.89737846342528
27095,5.408002066969812
12284,4.703393965525056
17093,4.490167850639612
10203,6.805194240824431
29747,8.49657432506611
10466,6.66010429047005
26028,6.789963804046899
23067,5.04327318624471
25229,7.83525272814697
17167,5.659705074766915
29723,8.628838644449939
244,7.047278025393619
29273,4.740267654565396
24742,8.712205245758533
17117,7.654090690687909
11445,6.992769093768769
22749,8.11180539594952
4422,6.246477691669716
2951,7.053690840878895
24809,8.281745006309347
4029,5.622831385726575
24576,8.671323547039893
1662,7.9033888926780325
17958,7.578740108735909
24782,7.985152290115308
16994,6.029243567105974
14688,5.324635465661217
20800,6.719422833708857
24647,4.991169060426839
15288,7.411205304183061
10125,6.609603368523498
12229,5.864915170295763
7476,7.137859044123149
5805,7.399181275148168
3711,6.057299634854058
24103,8.634449857999554
3032,8.172727143059646
1938,8.090963745622371
5454,7.2476785093085105
7999,5.418422892133386
25180,8.603187382508832
17776,7.219622441560425
29517,5.272531339843345
29659,7.347077149330296
26454,7.588359331963824
21483,7.569922487443654
10856,8.266514569531815
28235,6.143872643905291
10040,6.074133275502909
1283,5.365517164379855
15462,5.2741345437146645
4352,7.186756762198383
7648,5.067321244314497
26256,5.056900419150923
3844,7.622828215197186
21784,7.698980399084844
5825,7.403189284826466
21131,7.087358122176598
12591,8.796373449002786
5116,5.564314444423427
13587,8.121424619177434
22561,4.699385955846758
7574,5.8464783257755935
17522,6.82603589115158
7614,5.440867746331854
11292,6.514212738180009
18427,5.6709275018661485
19960,8.262506559853517
16557,5.084154884963349
12703,7.947476999139308
11062,6.939061764079578
6146,4.729045227466162
11283,6.575936087225795
4373,4.394777220296124
9876,5.395176435999259
19296,5.427240513425641
25289,6.301788225230226
23792,5.452891775366748
23668,4.449286151920974
5283,4.990367458491179
5215,5.941067354183422
53,5.664514686380873
19356,6.187159148430908
17445,4.963112992678754
3354,5.925035315470231
24972,8.067717289488243
25104,4.400388433845741
23335,4.558304015170675
18755,5.517019930219512
26788,5.753492501239084
14447,7.298981033190723
17320,5.30058740759143
19978,6.358701962662054
6789,8.616013013479385
10009,5.035257166888115
1599,7.986755493986627
21991,6.889362444068685
5728,5.1891647385347515
211,7.618820205518888
12012,8.1438694733759
23503,8.529440004428153
24460,8.064510881745605
19176,7.824030301047737
2141,4.864515954592628
4304,6.193571963916185
11454,8.326634714706282
14576,7.900984086871054
6396,6.336257108463586
10386,8.341063549548155
22569,6.131047012934738
14754,7.251686518986808
24076,7.00880113248196
17787,6.97272904537728
14404,8.373929228910196
502,6.920624919559408
23010,4.516620714516377
16993,7.416014915797018
12543,7.0721276853990656
16419,8.108598988206882
27951,5.682951530901041
17006,8.556694470240577
9988,5.780746967051509
26915,7.003991520868003
16651,7.1787407428417875
17928,8.257696948239559
8714,8.444470199248238
29124,5.569925657973044
19982,4.660909062935099
10060,6.105395750993632
7452,6.603992154973881
26457,8.187155977901519
24408,7.317417877710891
9321,4.447682948049655
21369,7.832847922339991
4914,6.070926867760271
19508,5.847279927711252
24241,6.578340893032774
6224,4.652091441642844
5237,6.061307644532356
29732,5.990766674194314
18732,7.635653846167738
4121,7.11862059766732
29357,6.739462882100346
28916,8.624029032835981
5658,8.312205879864411
3194,4.5534944035567175
21291,5.528242357318746
24522,4.922231293960117
3163,8.371524423103217
11968,5.190767942406071
8942,8.523828790878536
11190,5.8504863354538905
26146,6.647278659499497
12918,4.765918916506502
1739,5.351889931473642
14009,6.795575017596516
8619,6.046077207754824
13163,8.43966058763428
11316,7.20920161639685
9699,4.580748869369143
20834,6.753090115006559
19473,8.155091900475135
13886,7.068921277656427
10063,4.410007657073655
11914,8.640061071549171
29238,7.2300432667239996
25240,5.524234347640449
29788,7.446475789352082
14898,5.096980515933901
9873,7.151486277029362
19807,7.563509671958378
9402,6.117419780028525
6949,5.675737113480106
24376,5.640466628311085
28009,8.494169519259131
12403,6.553491233027328
7654,6.454092593005543
28676,4.522231928065994
26388,7.79837903910663
2961,4.758704499085566
6434,7.747076515224418
18725,7.876936028801268
20283,8.169520735317008
7210,8.264109763724836
13316,7.7967758352353105
23589,5.067321244314497
3830,8.210402434035647
2843,5.157902263044028
3054,6.563912058190903
6731,7.510603944204847
11512,4.486159840961314
13062,8.715411653501171
17548,7.461706226129614
25748,4.911810468796542
12260,8.106194182399904
9085,6.236056866506141
15054,5.0312491572098175
15031,6.684152348539836
11629,6.942268171822216
17898,6.492569485917201
15839,6.945474579564854
27651,4.547081588071441
8659,6.610404970459157
3428,6.466918223976095
14005,5.622831385726575
15738,6.998380307318386
14836,4.9366601288019885
26572,7.517818361625783
27449,7.28375059641319
20986,6.032449974848612
3173,6.705795600802645
25474,8.428438160535046
28654,6.09257012002308
9170,8.1438694733759
3930,6.046878809690484
16834,7.331846712552764
6249,4.994375468169477
18598,5.180347117242496
2062,7.071326083463406
2565,5.15469585530139
23787,4.672933091969992
14406,6.523030359472264
17247,8.251284132754282
29428,8.260101754046538
23833,7.4039908867621245
1967,6.204794391015418
23091,4.944676148158584
21314,5.562711240552107
5097,7.0456748215223
2901,5.698983569614233
1691,5.214816000475857
18522,4.418825278365911
4414,5.1418702243308365
507,4.6721314900343325
2044,4.886159206855436
19591,4.586360082918759
23168,8.740261313506617
16720,5.9747346354811235
17496,7.868920009444672
11289,8.638457867677854
6405,7.3069970525473185
26639,7.251686518986808
24075,4.883754401048457
15421,6.468521427847414
6187,4.718624402302588
21821,8.671323547039893
10644,7.383149236434976
18981,7.513810351947486
20318,8.389159665687728
26759,6.989562686026131
7787,7.828839912661694
20823,6.36591638008299
29039,7.112207782182043
13996,5.366318766315515
1570,4.478945423540377
23309,7.562708070022719
24358,5.549885609581555
25311,8.505391946358365
16503,6.160706284554141
28698,5.5346551728040225
13067,6.590364922067668
11770,6.66090589240571
22566,4.891770420405053
9713,7.8657136017020335
14875,7.608399380355314
6742,6.99036428796179
13318,6.085355702602143
1267,5.199585563698325
12837,5.758302112853041
1303,5.226038427575091
25559,6.242469681991418
18041,7.542668021631229
26602,6.694573173703411
1969,6.010806722585803
19805,7.496175109362975
14245,5.7478812876894665
3116,7.621225011325866
3640,5.694975559935935
1963,6.280946574903076
11926,8.024430784962627
22198,5.327040271468196
6463,6.563912058190903
9444,8.741062915442276
1048,6.481347058817967
20889,8.391564471494707
17497,5.953892985153974
11417,7.054492442814555
27810,4.973533817842329
22876,4.454897365470591
29852,8.555091266369256
6389,5.991568276129974
1759,4.594376102275355
11434,7.172327927356511
29543,6.794773415660857
8732,8.114210201756498
12399,7.085754918305279
22719,4.636059402929652
25466,5.526639153447427
10822,7.401586080955147
22201,6.589563320132008
17225,5.2741345437146645
24931,7.860903990088076
6481,4.684957121004886
14751,5.868923179974061
12921,4.56632003452727
9756,6.4188221078365215
19886,7.26691695576434
27812,6.765114144041453
22870,4.65850425712812
15603,8.544670441205684
13582,5.992369878065634
21553,8.703387624466277
29950,7.151486277029362
6758,6.021227547749378
2755,5.46732061020862
16430,4.98956585655552
7421,7.312608266096934
981,7.084953316369619
26019,6.2216280316642685
18404,7.287758606091488
8635,6.407599680737288
335,8.09336855142935
14728,6.543070407863754
17542,7.386355644177614
25823,7.630042632618121
21962,7.251686518986808
23663,5.169926292078921
8640,6.774733367269368
28032,5.988361868387336
22651,7.398379673212508
14764,8.771523788997339
9267,5.730246045104956
10715,8.706594032208915
4348,6.395575651702394
23144,7.5162151577544645
19262,6.99036428796179
22714,6.220024827792949
275,7.344672343523317
10366,6.36591638008299
12120,7.153891082836341
5524,8.397977286979984
25275,4.598384111953653
28856,8.563107285725852
10728,6.413210894286904
17266,8.710602041887213
22544,7.488960691942038
5473,6.485355068496265
18599,6.874933609226813
21091,5.10018692367654
12407,5.672530705737468
17069,5.174735903692879
20312,4.490969452575271
20019,6.18315113875261
4992,5.307801825012366
1397,4.858904741043011
12433,6.5214271556009455
15278,7.675733942950717
11334,5.586759298621894
17220,8.69937961478798
21505,7.11862059766732
20821,5.2404672624169635
6071,4.8140150326460756
9062,4.810007022967778
658,8.282546608245006
8506,8.284149812116326
28815,8.447676606990877
6903,5.667721094123511
24419,8.322626705027984
1435,4.470127802248123
18125,7.911404912034628
8864,5.9530913832183145
6129,8.352285976647389
29894,6.001187499357888
944,5.178743913371177
7487,4.613614548731184
3929,7.603589768741356
9385,6.492569485917201
11192,4.728243625530502
19312,8.75308694447717
20157,8.601584178637513
29673,7.462507828065273
26395,6.298581817487587
17796,6.0124099264571225
5222,5.22684002951075
11718,5.785556578665466
20628,7.126636617023916
3579,5.341469106310068
8529,6.0396643922695485
13310,4.874135177820543
21923,8.604790586380151
906,4.9326521191236905
7841,6.253692109090651
2618,6.8709255995485155
24337,8.55268646056228
6952,7.556295254537442
11404,5.274936145650324
8970,7.606796176483995
21485,8.029240396576585
11582,5.322230659854238
21888,7.295774625448084
9927,7.391165255791572
18791,8.12783743466271
3059,4.767522120377821
28663,4.9839546430059025
8145,6.021227547749378
17449,7.460904624193954
16747,5.064114836571859
22772,6.795575017596516
22391,7.012007540224598
15819,8.64326747929181
16738,8.026033988833946
28437,7.053690840878895
6889,5.841668714161635
16604,4.571931248076887
4603,6.27373215748214
15484,8.781944614160913
6825,6.7979798234034945
331,5.707801190906489
25444,8.361905199875302
19698,8.286554617923304
11816,7.2300432667239996
28100,7.690964379728248
20258,7.9210241352625435
14243,8.012406755927733
22998,8.410001316014878
15080,7.695773991342206
2287,4.414015666751953
29204,5.610005754756022
23596,4.65850425712812
20169,7.713409233926717
10959,7.977136270758713
4297,8.015613163670372
4750,7.526635982918037
12711,5.019225128174924
23468,6.305796234908523
21869,6.148682255519248
1183,4.850888721686415
4773,5.590767308300192
29742,7.276536178992254
20957,7.451285400966039
12987,8.341865151483814
5536,4.464516588698506
11583,7.787958213943056
9392,6.3202250697503946
24471,8.458097432154451
7793,6.779542978883325
27295,4.441270132564378
16681,7.88976165977182
14619,4.990367458491179
3549,7.478539866778464
26757,8.712205245758533
28248,5.46651900827296
23835,4.567923238398589
5438,8.563908887661514
20062,5.8344542967407
12537,7.085754918305279
21003,4.5278431416156115
12585,5.2701265340363666
12595,8.135853454019307
10134,5.447280561817131
22268,7.363910789979146
11069,4.73305323714446
17557,5.738262064461552
10497,8.595972965087896
21968,4.591971296468376
3395,5.146679835944794
21252,8.480542286352918
22543,4.696981150039779
10002,8.247276123075984
6441,7.3094018583542955
5041,6.719422833708857
5599,7.606796176483995
22686,7.436856566124167
8296,8.791563837388829
17244,8.191965589515476
15985,6.281748176838736
5573,8.31380908373573
29256,6.55028482528469
28529,8.40439010246526
22040,5.606799347013384
9947,5.61481536636998
26332,7.507397536462209
23813,5.134655806909901
1665,5.418422892133386
21780,8.329039520513263
29551,5.446478959881471
23704,5.219625612089814
23240,7.715012437798036
27487,7.465714235807911
22086,5.370326775993813
6880,6.121427789706823
17035,5.965917014188868
12742,4.473334209990761
8911,7.273329771249616
4784,8.208799230164328
25916,4.940668138480286
10877,5.635657016697127
8162,8.098178163043308
12844,6.325034681364352
21097,4.4468813461139955
27801,5.81601745222053
5926,6.165515896168099
14354,5.480947843114832
7327,4.706600373267694
289,4.4035948415883786
3526,5.13706061271688
27658,6.142269440033972
7781,7.5795417106715695
14725,5.312611436626324
25984,8.374730830845856
23346,5.1298461952959435
122,6.923831327302047
11962,7.147478267351064
2715,4.710608382945992
891,4.591971296468376
1244,6.579944096904094
14543,7.444872585480763
27770,4.858103139107351
19867,8.620021023157683
17674,6.824432687280261
18603,8.261704957917857
9173,5.1418702243308365
7569,5.763111724466999
28628,8.22082325919922
5534,7.661305108108845
15182,7.885753650093522
21346,7.607597778419654
15378,5.093774108191263
17502,5.128242991424624
28550,8.178338356609263
9247,7.98194588237267
703,6.283351380710055
11627,6.779542978883325
13054,5.840065510290317
5689,7.655693894559228
13928,7.043270015715321
7376,8.757094954155468
18673,8.69777641091666
24449,7.592367341642122
27052,5.069726050121476
22124,5.678141919287085
13358,7.469722245486208
4480,5.088964496577305
26328,4.551891199685398
12365,8.070923697230882
26399,6.231247254892184
1036,7.146676665415406
16762,6.767518949848432
28768,7.275734577056594
27908,4.443674938371357
21817,8.253688938561261
23209,6.694573173703411
3708,6.212008808436353
7108,5.205196777247942
29305,5.597981725721128
11728,6.655294678856093
10022,6.838059920186473
26263,4.981549837198925
20142,4.540668772586164
6917,5.8344542967407
14418,6.458100602683841
24388,4.578344063562164
11401,8.56711529540415
17352,8.242466511462027
16526,8.171123939188327
14314,5.369525174058153
16216,5.773532549630573
17500,4.914215274603521
9812,8.500582334744408
21124,5.973933033545464
7653,4.600788917760632
26622,6.103792547122312
10017,5.537861580546661
8481,4.581550471304802
13621,6.000385897422229
29855,8.136655055954964
2902,4.405999647395357
7601,7.314211469968253
11248,6.486958272367584
4439,7.372728411271401
19196,5.505797503120279
18879,4.555899209363696
3489,7.32142588738919
716,6.2392632742487795
6935,7.606796176483995
6135,6.538260796249796
11161,5.485757454728789
29812,7.366315595786125
12194,5.2188240101541545
21789,8.668117139297255
5305,6.635254630464603
21027,8.176735152737944
1449,4.949485759772542
9148,4.796379790061565
402,6.325836283300012
14601,8.174330346930965
27922,6.252088905219332
18653,4.8300470713592665
16696,7.620423409390207
29475,5.836859102547678
6657,5.8344542967407
3397,7.242868897694553
16975,5.202791971440964
8371,5.06171003076488
12408,7.435253362252848
23786,6.323431477493033
9732,8.194370395322455
23073,5.201990369505304
24083,5.90659847095006
11944,6.5374591943141365
15571,5.480146241179172
4786,7.926635348812161
28152,6.951085793114471
13011,5.908201674821379
21243,7.314211469968253
28844,6.986356278283493
3793,5.135457408845561
12634,4.834055081037564
8869,8.23685529791241
16934,5.046479593987349
16399,6.394774049766735
15481,7.04647642345796
22612,6.01721953807108
24948,5.335056290824792
13627,4.810007022967778
28869,6.2392632742487795
13484,7.989961901729266
29601,4.580748869369143
10994,8.199981608872072
4878,7.4296421487032305
22512,7.698980399084844
10580,4.624836975830418
24638,6.838059920186473
25734,6.82603589115158
14443,8.614409809608066
28557,6.445274971713287
18630,5.230848039189048
7786,5.367921970186833
9288,5.3174210482402815
20279,7.971525057209096
17591,8.216013647585262
22297,7.628439428746803
29519,5.925035315470231
25543,5.852891141260869
1511,8.733046896085682
23132,4.624035373894759
4340,6.805194240824431
23386,5.321429057918579
2120,8.649680294777086
25764,6.851687153092685
29293,4.4372621228860805
8762,8.411604519886197
7114,7.084151714433959
24203,6.603190553038221
11176,8.232847288234113
18153,7.589962535835143
14417,5.005597895268711
29869,7.878539232672586
4845,4.949485759772542
21047,6.198381575530142
200,5.488162260535768
14170,8.102987774657265
3456,7.606796176483995
5980,5.3190242521116
12093,8.338658743741176
5571,5.7142140063917655
3593,5.9867586645160165
20641,5.352691533409303
1338,7.839260737825267
12463,7.092167733790554
7828,5.900185655464783
6836,7.37513321707838
4820,5.5130119205412145
12691,6.1286422071277595
21269,8.237656899848071
10218,7.61641539971191
10782,4.959906584936116
18066,5.932249732891167
7031,8.114210201756498
4071,5.812009442542232
1946,6.129443809063419
9903,8.578337722503385
4247,6.857298366642302
15430,6.583952106582391
14504,6.721026037580177
4451,7.210003218332511
13476,5.65088745347466
2773,7.935452970104415
28039,8.216815249520922
28992,7.055294044750215
6635,8.378738840524154
9905,5.106599739161816
12594,5.589164104428873
1415,6.176738323267333
16184,5.10018692367654
28626,4.721830810045225
8780,6.093371721958738
21642,7.9346513681687565
22865,4.41962688030157
14249,6.244874487798397
145,4.644075422286248
23333,5.450486969559769
29560,7.8913648636431395
1051,4.969525808164031
23234,8.11180539594952
20468,6.924632929237706
12692,7.756695738452333
9195,6.228040847149545
1513,8.799579856745424
6493,7.166716713806894
11467,6.226437643278226
10230,6.632849824657624
23310,6.035656382591251
25419,7.472928653228847
22346,4.62243217002344
14223,7.334251518359743
16639,5.354294737280621
3028,7.61641539971191
19280,6.030846770977293
16585,5.762310122531339
14698,6.749082105328261
25816,6.578340893032774
1819,5.808803034799594
22973,4.908604061053904
19884,8.084550930137095
7851,6.912608900202812
20329,6.763510940170134
24204,5.685356336708021
9398,8.512606363779302
15784,5.311809834690664
18369,4.736259644887098
16346,5.673332307673127
17288,7.556295254537442
29027,8.34988117084041
28817,7.242067295758893
20883,5.982750654837719
18271,7.884952048157863
18354,6.226437643278226
17688,7.666114719722803
7504,8.31621388954271
5876,5.306198621141047
11859,4.571129646141228
19663,4.474135811926421
2276,7.232448072530978
24456,5.207601583054921
25254,5.395978037934919
27021,7.753489330709694
16660,6.353090749112438
16894,6.994372297640087
6926,6.572729679483158
19036,6.203992789079758
20704,4.831650275230586
27935,7.286957004155829
17472,4.6424722184149285
26054,6.624833805301029
4956,6.87974322084077
29344,8.464510247639726
8391,8.155091900475135
26542,4.89738163395467
24149,7.034452394423066
24469,6.330645894913969
16606,6.939863366015238
21764,7.72383005909029
29485,4.471731006119442
6253,4.830848673294926
22503,7.491365497749017
4323,4.662512266806418
2636,8.668117139297255
21631,7.701385204891823
23024,7.244472101565872
28684,8.089360541751052
5136,5.020828332046243
26232,5.734254054783254
27368,7.022428365388173
14749,7.199582393168936
8630,4.571931248076887
28201,6.252088905219332
19378,7.139462247994469
3790,6.181547934881291
25456,5.278944155328622
25162,8.434850976020323
12597,7.033650792487407
25385,7.711004428119738
26261,5.462510998594662
16571,7.163510306064255
16584,4.850888721686415
7800,5.807199830928274
24810,7.488960691942038
24397,5.3687235721224935
20337,6.003592305164867
19468,4.8436743042654795
22069,8.75388854641283
26208,5.205998379183602
25638,6.459703806555159
13156,4.684155519069226
19061,6.492569485917201
9000,6.211207206500695
7287,6.342669923948863
9919,7.582748118414207
15337,6.261708128447247
2137,4.91501687653918
8736,8.40439010246526
8035,8.070923697230882
27082,8.58555213992432
29695,4.914215274603521
18470,6.260906526511587
7889,8.216815249520922
25906,5.526639153447427
21479,5.488963862471428
4166,8.213608841778283
11029,7.125835015088256
12137,6.401988467187671
24372,8.67693476058951
9548,7.054492442814555
10611,5.479344639243513
12386,4.797181391997224
9001,5.8504863354538905
6689,6.868520793741537
11652,8.1102021920782
7013,4.816419838453054
17269,7.638058651974717
27175,7.148279869286724
262,6.66010429047005
13401,7.469722245486208
21868,5.217220806282835
27567,8.029240396576585
15290,4.93345372105935
25992,8.727435682536065
6759,6.928640938916003
15498,7.807196660398885
15392,6.835655114379494
22671,5.381549203093046
18191,5.715015608327425
19861,7.809601466205864
7034,6.313010652329459
17409,7.557096856473102
8050,6.402790069123331
26085,5.157902263044028
22522,5.010407506882668
7500,5.386358814707004
14816,8.03405000819054
28970,6.6400642420785605
13657,7.125835015088256
657,5.720626821877042
7902,6.498982301402478
15801,7.170724723485192
4405,6.3025898271658845
28784,5.891368034172529
5340,8.492566315387812
6189,7.2300432667239996
14995,4.833253479101905
7885,4.513414306773739
4257,4.632852995187014
13100,7.2204240434960845
6150,6.135856624548696
5285,8.572726508953767
16218,7.663709913915824
8461,4.726640421659183
5680,7.525032779046719
5006,6.6200241936870725
1445,5.731047647040616
14615,6.489363078174563
19443,8.116615007563476
10213,7.318219479646551
24746,6.024433955492016
15583,4.440468530628719
24625,7.227638460917021
29675,5.904193665143081
2868,6.782749386625962
5976,4.7787445474770545
13192,5.335056290824792
8980,5.216419204347176
19402,8.795571847067126
20994,7.826435106854715
25234,8.338658743741176
13611,8.729038886407384
25649,5.623632987662234
10414,6.262509730382906
24017,8.084550930137095
3807,5.048884399794328
9656,7.506595934526549
29515,5.339865902438749
27999,8.674529954782532
1490,6.7090020085452835
12731,7.084953316369619
15001,8.192767191451136
20722,6.355495554919416
25239,7.070524481527746
14790,4.443674938371357
28782,7.692567583599567
1367,8.151083890796837
23459,4.999986681719094
4740,5.316619446304622
8467,6.852488755028345
26528,4.447682948049655
8611,6.405996476865969
4885,6.999983511189704
11332,7.654892292623568
3602,4.838063090715862
8761,4.6304481893800356
14530,8.67933956639649
2465,7.396776469341189
12864,7.345473945458977
5672,6.264112934254225
3046,7.673329137143738
3185,8.51420956765062
14312,8.5166143734576
4116,8.195171997258115
25576,5.3190242521116
812,4.520628724194675
5221,5.39277163019228
9645,7.068921277656427
23406,7.46811904161489
6050,6.1286422071277595
14462,6.961506618278046
368,4.533454355165228
8828,6.608801766587838
27024,8.765110973512064
27007,7.366315595786125
14320,7.543469623566889
15853,7.7631085539376095
14879,7.457698216451315
128,7.766314961680248
21207,7.406395692569103
874,6.566316863997882
24481,7.620423409390207
12059,5.391970028256621
15058,5.084154884963349
20760,6.294573807809289
17996,7.904992096549352
457,6.078942887116867
22896,8.602385780573172
16517,5.4320501250395985
19045,7.592367341642122
8705,5.364715562444196
12814,5.177140709499858
3843,5.446478959881471
15300,7.199582393168936
2406,6.0124099264571225
27187,8.729038886407384
9184,8.448478208926536
10528,6.630445018850645
13041,8.570321703146789
14837,5.4496853676241095
16982,8.437255781827302
3777,4.4765406177333995
12741,7.888960057836161
26059,5.055297215279604
5981,7.277337780927914
15343,5.42884371729696
20442,5.717420414134404
21440,6.387559632345798
12970,5.051289205601306
15275,5.1041949333548375
23350,7.576335302928931
19078,7.658098700366207
6827,6.198381575530142
15500,4.798784595868543
7126,6.470926233654393
20313,5.008002701075689
29882,5.735857258654573
19538,5.35589794115194
17914,5.612410560563001
23513,5.527440755383087
12037,4.599987315824972
9607,8.357897190197004
8376,5.8721295877166995
26088,8.593568159280917
25441,5.0945757101269225
24540,6.185555944559589
537,4.71461639262429
28318,4.42042848223723
12182,7.715814039733695
27199,7.760703748130631
11294,8.371524423103217
6897,6.515815942051328
13364,6.179143129074312
3287,8.428438160535046
8083,6.233652060699162
26451,6.601587349166902
5344,8.393969277301686
15758,6.692969969832092
17387,6.9518873950501305
16318,7.666114719722803
14338,7.989961901729266
6634,7.3110050622256155
4606,8.683347576074787
23049,6.956697006664088
27718,7.286957004155829
23529,5.056098817215263
15514,7.525032779046719
28499,6.136658226484355
8349,4.837261488780203
29349,6.281748176838736
4038,8.453287820540494
2567,4.965517798485733
15663,6.171127109717716
19935,8.005192338506797
11375,4.931048915252371
3001,7.026436375066471
7336,5.016018720432285
21094,6.058902838725377
10334,8.131043842405347
2974,5.485757454728789
7506,6.945474579564854
10306,8.739459711570959
19010,8.637656265742192
16535,6.270525749739502
10245,7.032849190551747
13659,8.329039520513263
24334,5.8464783257755935
21537,7.636455448103399
5450,5.969123421931506
28598,7.995573115278883
21515,5.135457408845561
22230,7.957096222367223
4585,5.53946478441798
25835,8.27613379275973
29340,5.073734059799774
7268,7.268520159635658
4085,5.161910272722325
12111,7.2460753054371905
16913,5.837660704483338
20234,6.659302688534391
7440,6.924632929237706
15120,4.830848673294926
11205,5.569124056037384
2642,8.143067871440243
21644,6.3635115742760116
9332,5.254094495323176
26600,6.837258318250813
14571,4.575939257755185
11960,6.675334727247582
11437,7.200383995104596
29616,7.879340834608246
7559,4.927842507509734
972,5.093774108191263
1454,8.603187382508832
881,5.518623134090832
3387,5.059305224957901
24606,6.577539291097115
2464,4.636861004865311
6978,5.835255898676359
12746,6.051688421304441
13469,7.459301420322635
9688,7.134652636380512
18304,5.6156169683056385
25592,7.473730255164507
15919,5.9867586645160165
27521,7.570724089379314
22940,7.110604578310724
9562,5.0272411475315195
29725,4.839666294587182
23036,4.981549837198925
10128,5.662109880573894
11216,5.44808216375279
10882,8.022827581091308
8138,7.310203460289956
26989,8.027637192705264
18308,7.735854088125183
17912,6.25529531296197
20593,7.807196660398885
28369,4.7370612468227575
1742,8.01801796947735
16424,6.09257012002308
11005,7.936254572040075
4950,6.2352552645704815
28780,6.6200241936870725
3024,8.564710489597172
2584,4.471731006119442
15100,7.933849766233096
20166,7.841665543632246
26339,6.4188221078365215
4851,8.40439010246526
29622,5.452891775366748
29664,7.496175109362975
22706,7.197177587361957
21482,7.617217001647569
26179,5.8384623064189975
27446,7.629241030682461
1724,6.116618178092866
8486,8.279340200502368
347,6.535054388507158
13029,7.380744430627997
8822,8.656093110262363
25677,6.6769379311189
7535,8.69937961478798
23390,6.7466772995212825
21580,5.719023618005723
8887,8.727435682536065
24885,6.8532903569640045
10505,4.531851151293909
7302,5.423232503747344
20024,4.875738381691861
25810,5.0312491572098175
3051,5.959504198703591
29522,5.330246679210834
11336,8.69617320704534
24040,8.260903355982197
7749,6.277740167160438
9382,5.048082797858668
10934,6.142269440033972
6033,7.111406180246384
9622,5.416819688262067
2725,8.087757337879733
18009,5.642871434118064
10899,6.4997839033381375
21376,7.514611953883144
10987,5.544274396031938
4739,7.969921853337777
4833,7.953889814624585
8091,4.882952799112798
12933,6.4444733697776275
21860,5.097782117869561
9117,8.104590978528584
15135,6.272128953610821
10393,5.921828907727592
29412,6.455695796876862
24368,8.244069715333348
2172,8.656093110262363
25144,4.638464208736631
24331,4.794776586190245
4660,6.928640938916003
17118,8.264911365660495
13790,4.555097607428037
29967,5.065718040443178
1995,6.251287303283673
16116,6.667318707890987
19279,6.230445652956524
3499,8.596774567023555
486,4.9583033810647965
12793,6.538260796249796
5027,8.270522579210112
13370,8.559099276047556
28607,8.486955101838195
5253,4.54948639387842
14958,4.839666294587182
3567,6.32984429297831
8674,5.147481437880454
21624,5.517019930219512
9162,7.281345790606212
15939,5.316619446304622
19084,7.624431419068504
17645,5.934654538698145
15077,4.442071734500038
29866,5.201188767569644
25265,6.21922322585729
28079,5.981949052902059
24553,6.766717347912772
26027,4.539065568714845
6030,6.462910214297797
9993,6.824432687280261
25324,6.877338415033791
15295,8.511804761843642
28837,6.323431477493033
24126,8.801984662552403
17586,7.160303898321617
21944,8.509399956036663
5577,6.490164680110222
7722,6.9045928808462165
22889,7.566716079701016
2650,5.462510998594662
22742,7.179542344777447
8958,7.17312952929217
15316,4.781149353284033
2580,5.205196777247942
8973,4.85970634297867
15011,7.793569427492672
18387,8.339460345676835
13131,7.1314462286378735
11498,5.933051334826826
5800,6.523030359472264
27910,8.380342044395473
10508,5.2781425533929625
2806,7.799180641042289
26854,6.759502930491836
20493,5.11782216626105
292,4.963914594614414
9335,5.608402550884703
12560,7.507397536462209
21522,5.077742069478072
15787,5.61481536636998
28485,7.032849190551747
17310,7.254091324793786
10621,5.354294737280621
16240,7.314211469968253
13272,5.882550412880273
7677,7.354291566751232
15489,4.551891199685398
4514,8.493367917323472
26665,7.615613797776249
2950,8.547075247012662
1766,6.25529531296197
5659,4.95269216751518
6479,5.142671826266496
6068,4.596780908082334
16179,6.07333167356725
18364,6.319423467814735
3886,6.941466569886557
4700,6.306597836844182
22334,8.729038886407384
23686,8.542265635398705
20625,7.4472773912877415
13885,6.284954584581374
27519,7.240464091887574
13863,7.033650792487407
27157,4.914215274603521
28076,4.574336053883866
24834,6.865314385998898
14854,5.48415425085747
18937,5.789564588343764
7899,8.308999472121773
11071,6.627238611108008
29864,4.631249791315695
25821,5.969123421931506
5140,8.769920585126021
4891,5.058503623022242
4187,6.506196718823414
22267,5.746278083818147
14089,7.4985799151699535
13638,5.1122109527114326
6905,6.3755356033109045
14810,8.066114085616924
4789,7.381546032563657
742,5.180347117242496
2798,5.940265752247762
6658,7.385554042241955
29963,6.452489389134223
2550,6.0124099264571225
28469,6.818019871794984
19065,8.114210201756498
16416,6.590364922067668
25813,7.171526325420851
5226,5.987560266451676
21096,6.211207206500695
22860,8.793968643195807
24650,6.509403126566053
28390,7.956294620431564
2497,5.251689689516197
22287,6.19998477940146
11249,7.1138109860533625
13134,6.1278406051921
19101,6.428441331064436
8923,4.632852995187014
26134,7.188359966069703
26980,8.78915903158185
29119,8.518217577328919
3107,7.419221323539657
10651,8.014811561734712
6429,7.570724089379314
1828,4.862111148785649
16791,7.662908311980164
641,6.810003852438388
19575,8.306594666314794
11814,6.210405604565034
29568,8.466915053446705
25554,8.010803552056414
24340,7.398379673212508
13279,5.496178279892364
29774,8.137456657890626
14109,5.81601745222053
22017,7.022428365388173
954,7.17473273316349
25329,7.784751806200417
4635,7.533850400338974
2030,4.567923238398589
9792,8.252887336625601
22115,6.381146816860522
20352,4.835658284908884
3050,5.541067988289299
17428,4.482953433218675
27000,6.8292422988942185
9052,8.3659132095536
17658,6.21922322585729
5069,6.500585505273797
20137,5.341469106310068
2311,4.82283265393833
13633,7.933048164297436
28319,7.322227489324849
16920,6.002790703229207
12426,8.45729583021879
19317,7.609200982290973
5287,6.3675195839543095
29949,7.183550354455745
26904,5.978742645159421
28153,5.831247888998061
15812,7.926635348812161
1203,8.418017335371474
28416,5.99958429548657
481,7.829641514597353
12822,7.016817151838556
14286,8.539860829591726
26803,5.8031918212499765
22586,8.696974808981
9682,8.03324840625488
14757,7.589160933899484
8651,5.8504863354538905
1323,5.147481437880454
13309,6.422028515579159
16542,5.416819688262067
29269,7.577136904864591
15987,8.041264425611477
10072,6.40359167105899
22422,5.8384623064189975
8014,7.9635090378525
17937,7.0071979286106405
5679,4.413214064816294
19126,5.111409350775773
9129,7.070524481527746
7496,5.002391487526073
13639,7.222828849303063
28205,6.729843658872432
22976,5.746278083818147
28867,6.01641793613542
20802,8.307396268250454
13064,8.195973599193774
928,5.443272552138833
8059,5.83285109286938
7937,5.963512208381889
11933,5.675737113480106
16636,5.9354561406338044
23744,6.266517740061204
22172,4.496580666124888
24247,7.619621807454548
16136,8.272927385017091
26555,7.994771513343223
8048,5.141068622395178
13846,6.9558954047284285
20870,5.008002701075689
22785,7.139462247994469
15576,4.796379790061565
26597,5.049686001729987
26428,7.171526325420851
15059,6.309002642651161
15809,6.618420989815752
12805,8.249680928882963
24415,8.300983452765177
11626,8.021224377219989
2222,5.887360024494231
15538,6.285756186517034
18305,8.632045052192575
28334,6.369924389761287
18267,7.99958112495718
29555,4.575137655819526
8228,8.120623017241774
12302,4.833253479101905
14648,7.105794966696767
29149,6.80599584276009
12084,5.913011286435337
7683,5.3134130385619835
513,7.480143070649783
28429,8.411604519886197
21341,6.082950896795165
15558,5.231649641124708
28391,7.2717265673782965
18777,7.525032779046719
12705,8.579940926374704
25168,6.442870165906308
26836,7.399982877083827
28631,8.591163353473938
28243,5.57714007539398
1457,7.811204670077183
20036,7.129041422830895
8215,8.604790586380151
28822,4.690568334554502
8395,4.675337897776971
24335,7.147478267351064
12424,4.819626246195693
20285,5.15389425336573
18335,5.666117890252192
25701,6.10780055680061
20606,4.7747365377987565
23119,6.362709972340352
29029,6.050886819368782
4059,8.143067871440243
6288,5.693372356064616
4255,4.972732215906669
3781,4.856499935236032
9799,8.461303839897088
27514,6.476537447204009
20967,6.3635115742760116
6881,6.433250942678393
27994,8.616013013479385
15673,7.809601466205864
10013,6.64166744594988
16340,4.6857587229405455
28197,7.603589768741356
29900,6.101387741315334
2956,6.616016184008774
14308,5.601989735399426
12134,7.210003218332511
29833,4.441270132564378
26702,8.490963111516493
5565,5.867319976102742
6127,6.343471525884523
29989,6.2392632742487795
231,6.151087061326227
25198,5.669324297994829
6259,7.464912633872252
13127,5.2781425533929625
15362,5.096980515933901
3779,8.51501116958628
9689,5.824033471577126
15110,5.9570993928966125
2763,6.701787591124347
10780,6.986356278283493
25515,5.352691533409303
24120,6.142269440033972
10186,8.67933956639649
23318,7.414411711925699
20543,4.760307702956885
9533,6.131848614870398
1554,5.2741345437146645
27318,4.725037217787864
13174,6.070125265824611
8940,5.563512842487767
23791,6.788360600175579
20654,4.974335419777988
19797,5.661308278638234
12866,8.579940926374704
20772,5.690967550257637
7389,6.404393272994649
23051,4.477342219669059
23767,4.976740225584967
24799,4.672933091969992
22186,6.690565164025113
16275,7.677337146822036
10655,4.7530932855359485
8058,5.416819688262067
3917,6.1542934690688655
3495,6.162309488425461
17032,8.509399956036663
1902,5.281348961135601
23980,5.064114836571859
24491,8.188759181772838
25729,5.855295947067848
20572,6.930244142787323
27086,5.914614490306656
1337,5.276539349521643
15136,7.059302054428512
29658,4.973533817842329
25412,4.574336053883866
19773,7.730242874575566
23458,6.608801766587838
1471,7.136255840251831
20862,5.509003910862917
24464,6.4268381271931165
5465,5.565116046359086
2904,5.363913960508536
18512,7.67092433133676
19315,7.256496130600765
3595,4.635257800993993
1643,4.789165372640629
26592,7.266115353828679
4901,7.37593481901404
23675,4.721029208109566
27191,8.284149812116326
5854,7.48495268226374
16404,6.397980457509373
4547,4.849285517815096
18910,5.147481437880454
29416,5.660506676702575
12969,8.502987140551387
4221,5.749484491560786
5036,6.856496764706643
6174,6.502990311080776
12740,7.133851034444852
16835,4.954295371386499
6461,8.669720343168576
2134,5.77834216124453
5955,7.818419087498119
11964,8.394770879237345
8148,8.064510881745605
27726,6.962308220213705
21334,5.06251163270054
8201,5.6156169683056385
12369,5.472931823758237
1216,5.969123421931506
15023,7.253289722858127
8872,6.022830751620697
22560,8.341865151483814
8031,7.242868897694553
10557,7.98274748430833
9568,5.420827697940364
15181,8.292165831472921
25733,7.901785688806713
28866,4.999986681719094
25687,6.0084019167788245
1716,7.783950204264758
2486,6.6055953588452
20732,7.957897824302883
16686,5.440066144396194
4521,6.097379731637036
14813,5.051289205601306
23355,8.318618695349688
11263,7.049682831200598
22221,6.226437643278226
13034,5.563512842487767
27428,4.427642899658165
23745,8.499780732808748
10095,6.820424677601963
20131,7.279742586734892
8197,6.7170180279018785
20848,4.644075422286248
13856,7.4432693816094435
28266,5.654093861217298
12575,8.47733587861028
8241,7.538660011952931
4171,4.838864692651522
11092,7.109001374439405
2852,6.391567642024096
1890,6.888560842133025
20085,8.508598354101004
14262,5.274936145650324
14007,4.729045227466162
21017,7.9546914165602445
22861,7.30459224674034
18099,4.943874546222925
6152,6.78755899823992
3442,5.460106192787683
17078,6.686557154346816
22113,4.875738381691861
21744,7.615613797776249
24004,5.482551046986151
16937,8.648878692841427
2919,6.257700118768949
4345,5.068122846250157
18127,6.321828273621714
18994,7.472127051293187
937,7.422427731282295
18655,7.892968067514458
29981,7.511405546140507
17049,6.294573807809289
10778,4.5142159087093985
753,5.557901628938151
3493,7.185955160262724
14412,7.50499273065523
13203,8.016414765606031
28157,8.340261947612493
16972,6.662509096277029
13798,7.437658168059826
26548,5.46732061020862
13521,5.508202308927257
14767,4.596780908082334
23870,7.622828215197186
24787,7.095374141533194
21513,5.617220172176959
23615,4.812411828774756
10444,7.87292801912297
8181,5.451288571495429
1148,7.476135060971486
20861,4.8300470713592665
13292,5.426438911489981
6770,4.870928770077905
13499,5.581148085072277
4752,6.173531915524695
27944,7.749481321031396
23992,4.836459886844543
6837,5.9811474509664
17841,5.659705074766915
19173,5.395176435999259
25884,8.667315537361597
28714,4.69537794616846
11817,4.559105617106335
20219,5.269324932100707
24201,6.473331039461372
26320,7.258900936407744
8226,6.714613222094901
26922,4.984756244941562
17905,5.821628665770147
24723,7.381546032563657
11678,7.911404912034628
19385,5.39277163019228
26068,6.84367113373609
17285,8.702586022530618
17554,4.956700177193477
18124,8.797175050938446
28686,8.557496072176235
5395,5.779945365115849
8863,5.09858371980522
14960,5.305397019205388
14580,8.318618695349688
7686,6.566316863997882
1046,8.639259469613512
3309,7.717417243605015
23110,6.906196084717536
13688,8.725030876729086
22109,4.999986681719094
27185,6.204794391015418
21922,7.6388602539103765
5611,8.091765347558031
4844,6.504593514952095
21451,5.933852936762485
3663,8.07413010497352
16357,5.764714928338318
11033,6.709803610480943
1531,7.464912633872252
16241,6.436457350421032
3639,7.483349478392421
6001,6.424433321386138
24795,7.052889238943236
13678,5.628442599276192
25756,7.5362552061459525
4597,4.5695264422699085
25969,6.949482589243153
3285,6.478942253010988
17434,6.882148026647749
22837,5.361509154701557
8207,4.662512266806418
28147,8.021224377219989
10813,5.66852269605917
22764,5.601188133463767
6527,5.189966340470411
9565,6.949482589243153
28575,8.230442482427135
11195,7.78074379652212
5156,7.452888604837358
29271,7.5202231674327615
8649,7.367117197721785
8959,7.410403702247402
9939,5.792770996086402
22242,8.153488696603816
6205,6.0300451690416335
27715,4.647281830028886
11901,7.99958112495718
6528,7.488159090006379
13903,7.087358122176598
8195,5.810406238670913
13378,8.55268646056228
26634,5.200387165633985
17009,4.780347751348374
8325,8.78835742964619
13488,4.412412462880634
3726,7.177939140906128
21248,4.783554159091012
11846,4.779546149412714
14041,5.541067988289299
5816,5.892971238043848
2727,5.201990369505304
15166,5.351889931473642
20162,5.8288430831910825
10954,6.23766007037746
11265,8.745070925120574
29906,7.32142588738919
1948,7.901785688806713
25418,8.262506559853517
533,5.146679835944794
23672,8.199981608872072
18338,6.735454872422049
26010,5.682149928965383
18055,5.280547359199941
22831,8.358698792132664
1613,7.812807873948502
17017,7.110604578310724
4646,4.709005179074673
23405,5.690165948321979
22329,8.300181850829517
12676,7.11862059766732
4772,6.793170211789537
1960,7.9546914165602445
24318,6.174333517460354
5333,7.895372873321437
13562,8.546273645077003
18906,6.4484813794559255
18171,7.404792488697785
6335,7.1691215196138725
10014,7.577136904864591
6004,8.224029666941858
28116,5.224435223703772
16907,6.8116070563097075
17867,4.58395527711178
24475,5.496178279892364
19842,6.208802400693716
21766,6.299383419423247
6483,7.382347634499316
7595,8.628838644449939
27996,8.270522579210112
1114,5.09858371980522
36,8.192767191451136
1731,7.366315595786125
26608,6.97272904537728
25154,6.325034681364352
7546,7.107398170568087
22161,6.137459828420015
1472,5.789564588343764
20770,8.329039520513263
19637,7.514611953883144
27364,4.84287270232982
13345,6.171928711653376
3449,5.59557691991415
7580,7.8657136017020335
22592,8.314610685671388
29021,6.60479375690954
1423,5.452891775366748
13890,6.075736479374228
17991,7.622026613261527
17814,6.7466772995212825
2056,6.741867687907325
14128,8.009200348185095
16294,4.512612704838079
24829,6.591166524003327
23664,6.7466772995212825
6745,8.272125783081432
10970,6.307399438779842
18190,5.1418702243308365
7977,7.1530894809006815
27110,5.591568910235852
14835,8.032446804319223
14951,5.7775405593088704
1636,7.314211469968253
10691,4.447682948049655
26465,7.650082681009611
24327,4.5951777042110145
12234,7.294171421576765
12650,5.744674879946828
27205,8.078939716587477
25493,6.148682255519248
17453,8.782746216096573
27635,6.387559632345798
24219,7.54186641969557
22655,5.803993423185636
27182,5.699785171549893
383,8.088558939815393
3170,6.420425311707841
4169,5.502591095377641
20006,7.337457926102381
23710,4.691369936490162
27864,4.605598529374589
13819,4.571129646141228
16008,6.260104924575928
19848,7.884952048157863
12458,4.527041539679952
28785,5.966718616124528
20905,5.712610802520446
8779,7.534652002274633
18131,7.104191762825448
28510,8.49577272313045
7304,6.492569485917201
19275,5.443272552138833
28518,5.0136139146253065
26543,6.317820263943416
2010,5.9234321115989115
28852,6.32904269104265
18633,8.595171363152236
11772,6.674533125311923
19932,5.434454930846577
15774,7.688559573921269
26298,5.83365269480504
13742,8.623227430900322
12838,6.135055022613036
20478,6.899783269232259
10631,6.810805454374048
21144,7.383149236434976
9566,8.057296464324669
1347,8.434049374084664
18336,4.7530932855359485
28115,7.460103022258294
8399,5.824033471577126
719,4.624035373894759
1772,8.151885492732497
24815,6.62403220336537
22519,4.852491925557734
2405,5.133052603038582
24310,5.660506676702575
27934,4.53024794742259
25639,6.615214582073115
10601,5.268523330165047
11506,5.102591729483518
3875,6.040465994205207
19862,5.640466628311085
2596,4.795578188125905
2005,4.991169060426839
3636,7.876134426865607
15988,5.773532549630573
25572,6.1150149742215465
7526,6.459703806555159
22088,6.919021715688089
7446,6.803591036953112
2409,5.344675514052707
15559,6.628040213043667
2143,7.169923121549532
22363,4.768323722313481
25297,6.700985989188688
22993,4.544676782264462
29841,5.259705708872793
8179,8.681744372203468
14024,5.1458782340091345
25470,7.747076515224418
24513,6.050085217433122
11225,6.754693318877878
9215,7.823228699112077
21237,7.8440703494392245
21456,6.524633563343583
28794,5.554695221195512
8477,7.128239820895235
4990,6.442870165906308
10883,6.483751864624946
5462,8.595171363152236
6393,7.042468413779662
12877,4.4332541132077825
17245,8.282546608245006
2948,4.624836975830418
13985,5.992369878065634
13260,8.402786898593941
16176,5.489765464407087
6704,5.3727315818007915
18789,4.735458042951438
7579,7.365513993850466
9397,6.915013706009791
10320,6.194373565851844
23512,8.060502872067307
28690,8.766714177383381
16234,8.103789376592925
23924,8.792365439324488
12283,4.963112992678754
10183,6.735454872422049
27212,7.189161568005362
11528,7.867316805573353
4502,6.191167158109206
19081,5.2364592527386655
23425,6.983149870540854
17231,8.66250592574764
24565,5.058503623022242
2753,8.462907043768407
24767,7.420824527410975
24667,5.391168426320961
7279,4.594376102275355
17804,6.118221381964185
4161,5.115417360454071
1667,6.068522061953292
6254,6.203992789079758
3471,5.323833863725557
8427,8.030041998512244
21939,6.989562686026131
11322,5.436859736653556
22311,7.801585446849268
4814,7.125835015088256
3271,8.176735152737944
26398,6.240866478120099
18549,8.258498550175219
18613,7.226836858981361
994,4.93345372105935
4342,6.4589022046195
27256,4.434055715143442
5043,7.517016759690123
12651,5.128242991424624
20522,7.207598412525532
11616,8.652085100584065
26210,8.317817093414028
12759,5.819223859963168
6700,4.984756244941562
14965,8.3659132095536
16852,6.0220291496850376
28578,5.5346551728040225
20240,8.069320493359562
13986,7.179542344777447
24798,7.754290932645354
17830,8.013208357863393
18591,4.471731006119442
803,7.575533700993271
14718,8.62483063477164
28194,5.489765464407087
13815,6.337058710399246
7673,5.288563378556537
18834,5.012812312689647
10088,4.973533817842329
19549,4.418825278365911
5184,6.5134111362443505
12203,6.515014340115669
10276,7.2460753054371905
20256,7.152287878965021
18529,7.793569427492672
14352,5.52263114376913
14060,5.510607114734236
4795,8.43966058763428
8471,8.693768401238362
7732,7.631645836489441
6506,8.45729583021879
24909,5.0136139146253065
8517,4.938263332673308
737,7.480143070649783
6621,7.411205304183061
19048,5.415216484390748
17432,6.234453662634822
4743,6.490966282045882
284,7.764711757808929
19760,7.48495268226374
21227,4.896580032019011
25176,5.972329829674145
13843,4.704997169396375
2251,6.816416667923665
2260,7.145073461544086
3452,8.666513935425936
5349,4.596780908082334
21087,7.169923121549532
6025,5.66852269605917
9774,6.578340893032774
8239,8.228037676620156
28419,7.187558364134043
15326,7.3526883628799125
11548,6.265716138125544
23099,6.868520793741537
9962,6.500585505273797
10945,6.2745337594178
25978,5.39357323212794
5019,4.947882555901223
7537,7.923428941069522
4818,7.235654480273617
7354,6.240064876184439
7203,5.427240513425641
10382,7.696575593277865
3703,8.401985296658282
26755,7.254091324793786
18372,7.961104232045521
8484,6.188762352302227
9290,7.932246562361778
15417,6.317018662007756
17162,6.7426692898429845
8903,8.522225587007217
3947,5.363913960508536
9503,4.673734693905652
25954,5.2621105146797715
19264,4.6047969274389295
15976,4.640869014543609
1806,6.339463516206225
7113,4.854896731364713
17903,7.752687728774035
24621,5.479344639243513
23137,7.836855932018289
5158,5.412811678583769
27292,7.476135060971486
2317,5.13706061271688
11891,8.284951414051985
15916,6.822829483408941
18183,6.927037735044685
16273,5.450486969559769
6238,5.084956486899008
29505,8.543868839270024
15000,5.739063666397212
29284,7.708599622312759
22954,5.807199830928274
2085,6.187159148430908
4149,7.846475155246203
3330,6.999983511189704
9059,5.9314481309555065
19225,6.912608900202812
27882,5.622831385726575
23534,7.019221957645534
20792,5.360707552765898
2875,5.419224494069046
11842,7.254091324793786
23518,6.452489389134223
24147,6.262509730382906
14577,4.789165372640629
25127,7.3959748674055295
26681,7.1314462286378735
7768,7.864110397830714
20950,5.107401341097476
4708,8.765912575447723
9518,8.563107285725852
15786,8.769920585126021
26711,6.921426521495068
24561,7.214011228010808
14059,8.748277332863212
24024,7.910603310098969
27271,8.411604519886197
19607,6.216818420050311
24990,7.11862059766732
17299,8.56791689733981
22687,7.732647680382545
26821,7.168319917678213
10430,6.257700118768949
15193,8.71861806124381
18498,5.224435223703772
29427,7.601986564870037
23851,7.83364952427565
281,7.053690840878895
25408,4.544676782264462
20622,4.5791456654978235
19940,6.51260953430869
6636,7.253289722858127
6423,7.910603310098969
11068,5.727039637362318
27572,4.592772898404036
16708,8.590361751538278
24869,7.848078359117523
19636,8.413207723757516
9241,7.26531375189302
4953,6.937458560208259
12531,5.920225703856273
6351,7.432848556445869
4157,5.149084641751773
3770,7.311806664161274
28772,6.438060554292351
23215,7.266115353828679
28107,5.144275030137815
24896,4.521430326130335
20287,8.361103597939643
14321,8.047677241096753
27937,7.4216261293466355
15046,5.3983828437418975
1180,4.478143821604719
6188,5.101790127547859
20185,8.458097432154451
4975,5.364715562444196
10445,8.176735152737944
28122,6.409202884608606
22240,4.773934935863097
20997,8.344269957290793
23844,8.44206539344126
14153,4.709806781010332
13746,8.755491750284149
11777,6.5711264756118375
7030,4.975137021713648
21811,5.134655806909901
8874,7.408800498376082
7229,7.327838702874466
15714,6.133451818741717
20724,5.803993423185636
19988,7.562708070022719
5698,5.509003910862917
28801,5.717420414134404
4035,7.319021081582211
16098,5.185958330792113
19417,6.401186865252011
19474,7.896976077192757
1122,6.8116070563097075
10227,8.3322459282559
26034,7.224432053174382
22710,7.2340512764022975
28224,8.00278753269982
960,8.280141802438028
2363,5.8288430831910825
7222,8.629640246385598
4286,8.27453058888841
22546,6.139864634226994
17868,8.09336855142935
4916,5.501789493441981
11492,4.54948639387842
24942,4.635257800993993
17190,7.351886760944253
6216,6.744272493714304
5426,5.219625612089814
16360,7.5186199635614415
21115,4.470127802248123
7883,7.148279869286724
10736,6.557499242705626
20443,6.67854113499022
5554,8.36671481148926
10360,6.269724147803842
20373,5.621228181855256
9189,4.6047969274389295
17403,8.151083890796837
9545,7.977937872694373
6530,6.179143129074312
10106,5.2781425533929625
24216,6.745074095649963
5778,6.31140744845814
21220,8.290562627601602
26843,7.997176319150202
21612,8.18394957015888
18933,4.733854839080119
22630,6.817218269859325
1164,8.75469014834849
1176,5.41040687277679
9039,4.817221440388714
14303,8.228839278555816
29449,7.68695637004995
28942,6.789963804046899
14234,8.427636558599387
4852,7.441666177738124
26736,6.799583027274814
4210,7.491365497749017
8841,6.430044534935755
2278,4.735458042951438
18350,4.651289839707184
3190,5.50419429924896
26223,8.493367917323472
15510,5.7478812876894665
8006,6.707398804673964
22567,6.895775259553961
4321,8.600782576701853
5497,5.389565222449642
28177,6.583150504646732
3972,6.661707494341369
21102,4.578344063562164
20836,7.454491808708678
4811,7.83525272814697
22104,6.82683749308724
10748,5.06171003076488
13868,4.798784595868543
15530,4.9206280900887975
17511,6.106197352929291
25646,5.206799981119262
148,4.704195567460715
17400,4.734656441015779
8764,4.589566490661397
4274,7.932246562361778
29440,5.28375376694258
5216,4.9502873617082015
27486,7.053690840878895
19192,4.500588675803186
13767,8.543067237334364
23593,5.836859102547678
44,6.285756186517034
6464,8.142266269504582
9251,5.288563378556537
24837,8.123829424984413
29804,7.010404336353279
29910,8.413207723757516
19467,5.715817210263085
27078,7.684551564242971
6036,4.907802459118244
27141,8.192767191451136
11645,5.166719884336283
14442,4.570328044205568
6869,7.732647680382545
19014,6.243271283927077
13196,4.627241781637397
12282,8.126234230791392
19798,7.2043920047828935
14788,8.106194182399904
27767,5.555496823131172
7810,5.3190242521116
20476,4.5061998893528035
27072,4.773133333927437
11998,5.195577554020027
12757,4.809205421032118
3317,4.502993481610165
3841,5.689364346386318
13149,6.191968760044865
15274,8.007597144313776
20038,5.187561534663432
13303,7.577938506800249
5380,7.3623075861078275
24916,7.989160299793606
19080,6.061307644532356
3940,5.2188240101541545
4689,8.617616217350704
9694,6.352289147176778
7691,8.24086330759071
25450,8.771523788997339
14686,5.878542403201975
24835,6.998380307318386
10837,8.181544764351901
8219,7.537858410017272
13145,6.560705650448265
9797,7.860102388152416
14367,7.355894770622552
3596,8.511804761843642
2695,7.971525057209096
997,6.309002642651161
3211,5.732650850911935
11771,7.654892292623568
28291,8.60639379025147
12859,5.142671826266496
23351,5.06251163270054
13614,5.733452452847595
14413,7.805593456527566
18177,8.434850976020323
5355,5.1715294959502405
23764,6.282549778774396
17639,5.748682889625126
23576,7.440864575802465
15243,7.59557374938476
12709,8.115813405627817
23892,8.216815249520922
7802,5.876939199330657
6503,5.315817844368962
28752,4.4252380938511875
9539,5.609204152820363
26582,5.580346483136618
10756,8.663307527683298
8545,6.723430843387156
28139,8.11100379401386
21797,4.577542461626504
1483,5.28215056307126
2446,6.321026671686054
4420,8.197576803065093
19723,7.9635090378525
17703,8.460502237961428
22552,5.634855414761469
27386,8.270522579210112
3103,6.264914536189885
28210,7.767918165551567
14868,5.35589794115194
17934,7.674130739079398
14547,4.742672460372374
19520,5.363112358572876
23505,8.560702479918874
5461,7.0585004524928525
29328,7.803188650720587
5733,4.427642899658165
13356,7.11862059766732
24786,5.866518374167082
24831,7.586756128092505
8617,4.684957121004886
9379,4.793173382318927
3427,6.220024827792949
26169,8.56631369346849
5628,5.63245060895449
9627,7.149081471222384
15109,5.648482647667681
7380,5.792770996086402
24959,8.046875639161094
9987,6.460505408490819
9045,6.489363078174563
22328,8.40439010246526
5378,7.708599622312759
17897,4.663313868742078
27365,5.949083373540017
8146,7.459301420322635
14765,6.208000798758055
25741,7.9346513681687565
10422,8.524630392814196
25358,4.684957121004886
24785,5.640466628311085
17228,7.460103022258294
11135,8.34988117084041
26110,5.9234321115989115
20253,6.135856624548696
22189,6.150285459390568
24800,7.8913648636431395
22051,4.745878868115012
22504,8.685752381881766
11483,7.573930497121952
1324,8.041264425611477
23653,6.663310698212689
6320,6.740264484036007
15365,4.994375468169477
24622,7.5362552061459525
19571,4.977541827520627
26569,6.592769727874646
19775,4.821229450067012
10993,5.674935511544446
23493,5.980345849030741
504,8.18394957015888
10766,8.062106075938626
20684,6.941466569886557
9576,7.392768459662891
27727,8.00358913463548
25296,8.760301361898106
14230,8.776333400611296
9329,5.088162894641647
26946,4.618424160345142
19328,6.473331039461372
16075,7.137859044123149
12614,5.1122109527114326
13253,8.541464033463045
29435,6.777138173076346
8472,4.955898575257818
12681,7.347878751265956
18224,8.03405000819054
29572,7.4769366629071445
15453,4.835658284908884
18774,7.973929863016075
6203,5.3983828437418975
21927,6.7779397750120065
11254,5.929844927084188
13097,4.6857587229405455
26850,5.7478812876894665
1604,5.686157938643681
6096,5.327841873403855
18844,8.673728352846872
29315,4.396380424167443
9186,5.560306434745129
25318,7.385554042241955
21209,7.500984720976932
6866,7.842467145567906
29599,6.5470784175420516
25610,6.720224435644518
1034,5.613212162498661
28242,4.45569896740625
22397,6.923029725366387
20002,7.0801437047556615
26640,7.467317439679231
5338,6.43886215622801
20576,6.265716138125544
9163,5.532250366997044
12954,7.332648314488424
7607,6.100586139379675
3845,7.109001374439405
18741,5.63164900701883
25961,8.03725641593318
9359,4.9759386236493075
13439,5.718222016070063
4690,7.5538904487304634
20499,6.214413614243332
28791,7.56030326421574
11606,4.939064934608967
23364,7.19316957768366
14252,8.549480052819641
19370,4.827642265552288
1057,8.371524423103217
8769,6.882148026647749
5842,6.8709255995485155
12472,5.417621290197727
1184,6.762709338234474
11819,5.2781425533929625
21072,5.131449399167263
24381,8.481343888288578
4642,4.781950955219693
9832,7.731846078446886
1348,6.519022349793967
15730,4.801189401675522
27565,4.663313868742078
15688,7.153891082836341
28161,6.832448706636856
264,6.771526959526729
4394,5.063313234636199
23795,6.868520793741537
18727,6.595174533681625
27014,7.459301420322635
16368,6.524633563343583
10105,8.277736996631049
25715,7.458499818386975
29375,7.945072193332329
5313,5.537059978611001
22952,7.4472773912877415
28030,5.416819688262067
21508,7.226035257045702
5095,8.252887336625601
151,5.805596627056955
3230,5.10018692367654
8319,5.798382209636019
20298,4.972732215906669
13820,5.8504863354538905
7429,8.005192338506797
12379,6.175135119396014
10677,7.1138109860533625
8106,4.803594207482501
18763,6.6536914749847735
20573,8.770722187061681
25323,5.257300903065814
11841,8.498177528937429
20731,6.412409292351245
22234,7.076937297013023
29229,7.11781899573166
9049,7.088961326047916
18205,8.69937961478798
5512,8.506193548294025
20822,7.434451760317188
19429,7.876134426865607
13498,4.464516588698506
8408,4.84207110039416
19043,7.224432053174382
22685,7.768719767487227
17990,5.6076009489490435
25597,6.857298366642302
28006,4.615217752602503
6282,7.534652002274633
5196,4.922231293960117
27575,6.445274971713287
4680,8.161504715960412
7890,7.157097490578979
23301,7.807196660398885
26683,8.334650734062878
24708,7.364712391914806
16805,5.858502354810486
13103,8.131845444341009
22406,6.951085793114471
24223,8.142266269504582
8243,5.1338542049742415
6632,6.583150504646732
316,6.01721953807108
20321,5.241268864352623
15506,5.4240341056830035
1916,4.704997169396375
17803,7.157899092514638
5707,5.824033471577126
22553,5.698983569614233
11317,7.7591005442593115
24963,4.4725326080551016
24080,4.684155519069226
26002,4.60399532550327
6893,6.995975501511407
24093,5.571528861844363
24345,6.145475847776611
24676,7.066516471849448
15580,5.113012554647092
2118,7.598780157127399
10406,5.138663816588199
2814,7.72383005909029
7511,4.838063090715862
26350,8.154290298539475
27001,5.138663816588199
11920,7.723028457154632
26648,8.599980974766193
291,7.109001374439405
17558,4.8813495952414785
12982,8.78996063351751
16810,4.779546149412714
23352,7.044071617650981
23567,6.854091958899664
15778,7.748679719095737
2215,7.13866064605881
22180,4.613614548731184
6109,7.392768459662891
7364,6.668120309826645
876,4.598384111953653
5220,5.302992213398409
3994,7.203590402847233
23477,4.891770420405053
22982,6.034053178719931
14727,4.4845566370899945
11359,5.963512208381889
9009,6.441266962034989
29211,7.997176319150202
9424,8.12863903659837
20931,8.344269957290793
5108,5.771127743823595
21499,6.126237401320781
29006,7.9683186494664575
2589,4.919826488153138
22266,5.101790127547859
10211,4.919826488153138
15007,7.4568966145156566
14190,6.035656382591251
8142,5.9194241019206135
1730,6.955093802792769
22949,7.04647642345796
26306,7.809601466205864
29421,8.024430784962627
1388,7.594772147449101
8268,7.825633504919056
26671,5.416819688262067
17979,5.193974350148709
2376,4.769926926184799
13956,6.247279293605375
1134,6.414012496222564
14317,6.717819629837539
6900,5.153092651430071
28653,7.282147392541871
2593,5.869724781909721
14281,5.423232503747344
12851,7.605994574548335
9793,4.541470374521824
27036,7.637257050039057
2301,4.80599901328948
10133,6.244072885862737
5406,8.478939082481599
11360,4.978343429456286
7935,8.175131948866625
10019,6.937458560208259
15441,6.710605212416603
14118,6.948680987307492
25124,7.317417877710891
19005,8.321825103092324
11015,5.548282405710236
12959,8.048478843032413
26673,5.679745123158404
20480,5.293372990170495
2502,7.909801708163309
14973,4.814816634581735
20788,6.7779397750120065
24142,4.781149353284033
26902,6.868520793741537
12423,6.152690265197546
24000,7.916214523648586
24817,4.991970662362498
20845,5.217220806282835
18928,5.6332522108901495
16489,4.692171538425821
168,8.070923697230882
26971,7.696575593277865
11098,6.365114778147331
13963,6.6576994846630715
1645,6.031648372912953
14484,7.543469623566889
2415,8.288157821794623
16540,8.709800439951554
4526,6.409202884608606
14811,7.618820205518888
3613,7.440864575802465
25583,8.079741318523137
24711,6.732248464679411
16759,8.461303839897088
2761,8.249680928882963
13388,6.728240455001113
25462,5.753492501239084
21010,7.343069139651998
9684,6.470926233654393
3504,6.330645894913969
248,8.658497916069342
15594,5.789564588343764
25904,4.8733335758848835
24574,6.5334511846358385
17572,4.445278142242676
451,6.055696430982739
488,7.878539232672586
19295,5.305397019205388
16350,7.433650158381528
5261,8.123829424984413
27016,8.052486852710711
13487,6.628040213043667
16553,7.658098700366207
25187,7.593970545513441
8043,8.139059861761943
12024,4.531049549358249
27227,8.07493170690918
29281,8.462907043768407
20374,8.73625330382832
1064,5.787961384472445
4450,7.245273703501532
21523,5.917019296113635
1115,8.00358913463548
13711,7.535453604210293
29117,8.609600197994109
16573,4.491771054510931
22886,6.701787591124347
21235,5.650085851539
14067,7.148279869286724
3002,7.856094378474118
15191,5.75990531672436
16729,7.333449916424083
6113,6.91661690988111
4481,5.09858371980522
21118,7.918619329455565
8495,4.545478384200122
17582,7.052087637007576
1663,7.419221323539657
26930,5.932249732891167
28706,5.9314481309555065
5456,7.580343312607228
22637,7.79837903910663
23587,8.521423985071557
17629,6.220826429728609
26529,6.80599584276009
14796,7.206796810589872
15279,7.750282922967056
21555,6.900584871167919
10671,7.45048379903038
16250,4.539065568714845
9643,4.674536295841311
20300,6.160706284554141
21245,5.274936145650324
20345,6.210405604565034
22270,7.406395692569103
24967,6.267319341996863
3198,6.009203518714484
5549,7.317417877710891
13107,4.845277508136799
19802,6.717819629837539
9842,8.489359907645174
20987,7.555493652601783
5972,7.226035257045702
8137,8.55108325669096
11904,7.48655588613506
1372,5.344675514052707
23862,4.86050794491433
17257,5.76070691866002
1107,5.698181967678574
18883,7.164311907999915
4027,5.342270708245728
9569,8.616013013479385
16919,7.059302054428512
721,7.422427731282295
28755,8.726634080600405
13165,6.893370453746982
5533,7.929841756554799
7931,8.359500394068323
20839,7.764711757808929
15863,7.189963169941022
5384,4.528644743551271
26890,6.010005120650144
1087,6.224834439406907
25931,5.683753132836702
8820,6.739462882100346
20291,4.644877024221907
27479,5.314214640497643
29462,7.677337146822036
23081,7.198780791233277
26250,8.645672285098788
29088,5.909804878692698
12712,7.298981033190723
17980,6.882148026647749
16600,5.524234347640449
19692,5.498583085699343
7753,7.690964379728248
17466,7.949881804946287
12913,7.6388602539103765
8715,7.332648314488424
17444,6.316217060072097
2146,6.269724147803842
16658,5.924233713534571
26300,8.785952623839211
25591,5.809604636735253
20488,6.106998954864951
25106,5.225236825639431
20452,8.354690782454366
11833,5.581148085072277
1312,6.700985989188688
28087,7.499381517105613
5602,6.402790069123331
3609,6.474132641397031
28086,5.612410560563001
21785,6.937458560208259
13877,5.964313810317549
4376,7.315814673839573
4129,5.030447555274158
9599,5.634053812825808
2640,7.772727777165524
4037,7.251686518986808
20583,7.605994574548335
24005,4.912612070732202
23070,8.022025979155648
18129,5.4833526489218105
5467,7.349481955137274
3036,7.26691695576434
602,7.092167733790554
23130,4.686560324876205
25464,7.301385838997701
8125,6.556697640769967
25625,5.76070691866002
7515,5.609204152820363
11956,6.798781425339154
29990,6.4188221078365215
5663,6.925434531173366
21427,7.7374572919965035
6664,5.336659494696111
410,6.736256474357708
6848,6.463711816233457
6353,7.5538904487304634
16915,6.559102446576945
3351,8.143067871440243
13525,5.049686001729987
4153,5.088964496577305
24019,7.144271859608427
24448,8.706594032208915
23262,4.824435857809649
22698,6.707398804673964
5514,5.636458618632787
5622,8.680141168332149
11808,7.488159090006379
14735,8.370722821167558
27787,8.07332850303786
18333,6.23766007037746
222,6.99116588989745
7418,5.844875121904274
14814,7.677337146822036
10298,5.952289781282656
28940,4.8300470713592665
10370,8.393969277301686
25551,7.988358697857947
5173,6.6320482227219655
23957,7.513810351947486
24182,8.473327868931982
381,5.887360024494231
9254,5.808001432863934
650,7.4552934106443365
11765,4.680949111326588
13975,5.336659494696111
7457,7.747076515224418
23453,8.282546608245006
1823,6.442068563970649
27384,6.627238611108008
17282,5.451288571495429
11687,4.943874546222925
21108,6.817218269859325
2153,4.515819112580718
12136,5.9057968690144005
16892,8.113408599820838
608,5.550687211517214
3590,7.474531857100166
6199,4.919024886217478
18430,8.108598988206882
21155,5.20920478692624
8847,4.783554159091012
14961,5.90740007288572
23771,5.04327318624471
7887,7.748679719095737
29722,7.88976165977182
9113,8.582345732181683
18315,7.195574383490639
22232,8.38675485988075
23123,5.379945999221727
23535,5.472931823758237
22731,8.759499759962447
3422,8.608798596058449
10355,5.103393331419178
11853,6.850885551157026
18088,4.894175226212032
4253,5.583552890879256
26295,5.165918282400623
15542,4.906199255246925
23281,8.733848498021342
7795,8.201584812743391
12484,6.1278406051921
22436,8.09256694949369
11238,5.995576285808272
15866,5.734254054783254
14403,7.665313117787143
7842,6.2055959929510776
19305,6.101387741315334
14178,4.943874546222925
27547,6.809202250502729
6391,8.772325390932998
21363,6.421226913643499
9543,5.505797503120279
11604,5.340667504374409
7489,5.875335995459338
232,7.701385204891823
3273,5.3727315818007915
26280,7.022428365388173
14892,6.7979798234034945
4903,7.667717923594122
9560,7.803188650720587
7956,6.413210894286904
7071,5.118623768196709
13142,6.394774049766735
14050,8.56631369346849
76,7.059302054428512
21842,8.75308694447717
5771,6.2216280316642685
1109,8.757094954155468
26005,5.401589251484536
7746,7.390363653855912
2210,4.505398287417144
8256,5.8344542967407
2387,7.882547242350885
749,5.695777161871595
16288,5.883352014815933
25671,6.78755899823992
17204,6.6400642420785605
19684,7.314211469968253
7468,4.831650275230586
2360,6.636857834335922
1600,6.3795436129892025
477,4.450087753856634
25195,7.6051929726126755
21295,7.198780791233277
11716,7.824030301047737
15460,7.308600256418637
4049,6.493371087852861
8475,8.511003159907983
22723,6.051688421304441
9528,6.151087061326227
11612,6.662509096277029
260,7.054492442814555
27912,7.185153558327064
18138,6.9045928808462165
24765,4.886960808791096
13406,6.101387741315334
11618,8.143067871440243
23832,8.321023501156667
3538,7.931444960426118
7822,8.589560149602619
10064,7.371125207400082
16884,4.968724206228371
13838,5.2108079907975595
25894,8.353087578583047
9961,5.537059978611001
29701,6.413210894286904
2702,4.955898575257818
26468,4.539065568714845
8629,4.95108896364386
4456,6.56711846593354
20887,4.754696489407268
22808,8.223228065006198
18665,8.25529214243258
9021,4.7450772661793525
6558,4.858103139107351
9788,4.474135811926421
17527,6.939863366015238
28245,4.821229450067012
11126,5.276539349521643
6309,6.924632929237706
2620,5.480947843114832
3505,6.66090589240571
27404,7.843268747503566
19426,6.433250942678393
8744,7.149081471222384
8232,4.999986681719094
16264,5.6332522108901495
1797,6.700184387253028
15086,6.7466772995212825
18536,5.509805512798577
12767,7.589962535835143
12297,7.647677875202632
12342,5.728642841233637
16774,5.984353858709038
28776,6.199183177465801
14434,6.296177011680609
4686,7.457698216451315
26744,4.426841297722506
12979,8.47733587861028
8305,6.249684099412353
27153,6.84206792986477
4098,5.681348327029723
5884,4.795578188125905
17185,4.922231293960117
2741,7.74306850554612
25547,5.7775405593088704
9633,6.870123997612856
18151,6.8276390950228985
27111,5.932249732891167
8171,7.33986273190936
12363,6.651286669177795
20524,5.580346483136618
17972,7.896174475257096
8519,7.052087637007576
20078,5.311008232755005
20729,7.452087002901699
6605,8.460502237961428
28193,8.64326747929181
13720,7.812006272012843
20093,5.896177645786485
14493,5.378342795350408
8618,5.712610802520446
2865,5.693372356064616
16256,7.838459135889607
20211,6.230445652956524
19792,6.894973657618302
25859,6.438060554292351
20212,7.808799864270204
8333,5.620426579919596
22970,4.490969452575271
10598,5.900987257400443
3989,5.1162189623897305
20781,6.814813464052346
2351,6.955093802792769
5755,7.555493652601783
14603,4.793173382318927
22614,7.941865785589691
9630,5.808803034799594
6454,5.266920126293729
15098,4.423634889979868
18866,8.223228065006198
15381,5.187561534663432
20491,5.383152406964365
6966,7.0079995305463
4004,4.5871616848544186
9330,6.056498032918398
3003,8.505391946358365
13913,4.7627125087638635
16037,5.419224494069046
735,6.23846167231312
25253,5.949083373540017
17212,4.751490081664629
28926,5.246078475966581
6626,7.7037900106988015
14937,6.103792547122312
19814,5.775937355437551
11829,6.624833805301029
27347,8.139059861761943
24190,8.664910731554619
5666,7.288560208027148
4983,7.137859044123149
12995,5.24688007790224
14586,5.145076632073475
10312,5.646077841860702
21149,6.4188221078365215
20497,7.739862097803482
4472,5.194775952084368
6597,5.682149928965383
6242,6.093371721958738
11260,8.267316171467474
6121,6.165515896168099
22625,8.532646412170791
10043,7.812807873948502
25019,8.1102021920782
15140,8.118218211434796
1581,7.415213313861358
26482,6.7643125421057935
1912,7.292568217705446
7218,7.580343312607228
92,8.417215733435814
15293,5.353493135344961
189,4.617622558409482
9363,8.244871317269006
10860,4.454095763534932
7025,8.359500394068323
5478,8.306594666314794
20161,8.044470833354115
18375,6.793170211789537
322,4.519025520323356
13550,8.78755582771053
4741,7.163510306064255
22288,5.848081529646912
4292,6.123832595513802
21044,7.30459224674034
14322,6.245676089734056
195,4.951890565579521
2831,7.32142588738919
11905,5.734254054783254
25667,6.618420989815752
14713,7.020023559581194
2517,8.099781366914627
27952,6.314613856200778
15517,5.297380999848793
12888,6.3835516226675
29155,8.396374083108665
7326,7.263710548021701
28431,6.2216280316642685
757,7.5186199635614415
7252,5.763111724466999
7760,8.714610051565511
29657,7.705393214570121
26425,6.939863366015238
1748,7.466515837743571
12532,4.58395527711178
20387,5.574735269587001
1053,8.162306317896071
19843,4.9246360997670955
2445,7.484151080328081
25739,6.240866478120099
11049,5.530647163125725
28600,7.28375059641319
16778,7.367918799657445
24733,8.401985296658282
13615,6.541467203992434
20922,6.18315113875261
11146,6.078141285181207
7137,8.650481896712746
19428,6.967919433763322
20441,7.674130739079398
4794,4.712211586817311
29159,5.958702596767932
19980,7.781545398457779
10564,6.486958272367584
14324,4.75068847972897
4731,7.517818361625783
29501,5.64928424960334
13347,7.301385838997701
7488,7.720623651347653
18859,7.365513993850466
14162,6.112610168414568
10891,5.446478959881471
3754,4.930247313316712
9474,6.01641793613542
15611,7.026436375066471
10012,6.381948418796181
27025,7.023229967323832
1809,7.7550925345810136
17963,5.667721094123511
5039,6.317820263943416
16421,7.379942828692338
4815,5.035257166888115
24236,5.4873606586001085
4417,7.343870741587658
6873,4.874135177820543
23583,4.746680470050672
25574,5.601989735399426
20632,7.6051929726126755
28114,6.264914536189885
22796,5.334254688889132
22111,8.270522579210112
22996,4.776339741670076
2938,8.20398961855037
17129,7.3526883628799125
19923,6.565515262062222
5217,8.660902721876319
6595,7.1530894809006815
18400,7.868920009444672
15905,5.235657650803006
12834,6.648881863370816
15325,8.570321703146789
17981,7.673329137143738
3885,5.519424736026491
19877,7.590764137770803
18090,7.092969335726215
10866,4.598384111953653
16753,7.551485642923485
2770,8.044470833354115
24155,6.224834439406907
6727,6.53104637882886
26452,7.232448072530978
11479,4.947080953965563
11132,6.682549144668517
8458,7.345473945458977
12103,6.259303322640268
7754,5.583552890879256
11656,8.484550296031216
11948,7.965913843659479
19089,6.423631719450478
24639,8.702586022530618
19369,7.371926809335742
27927,6.617619387880094
19387,6.571928077547498
14149,7.635653846167738
16108,7.144271859608427
14565,7.186756762198383
17113,8.134250250147986
24051,8.446875005055217
6207,6.9222281234307275
11488,5.590767308300192
18738,5.802390219314317
18721,7.403189284826466
16025,5.4240341056830035
26704,8.18314796822322
16362,8.109400590142542
11831,5.389565222449642
22341,5.254896097258835
14570,7.735854088125183
16097,6.78916220211124
3083,5.263713718551091
26626,6.6063969607808595
15138,5.671729103801808
10951,5.924233713534571
18508,4.656099451321142
23319,5.952289781282656
18,7.492968701620336
9608,6.396377253638054
27429,4.5575024132350155
27053,8.598377770894874
18086,4.482151831283016
24018,4.6168209564738225
13694,5.784754976729807
17211,5.843271918032954
18938,6.065315654210654
2436,4.895778430083351
21914,5.783151772858488
18544,6.64086584401422
27987,5.997981091615251
9099,5.546679201838916
18371,8.541464033463045
1494,8.197576803065093
2009,5.408002066969812
14583,4.796379790061565
5223,7.4039908867621245
5228,4.486961442896973
17713,8.282546608245006
26510,6.458100602683841
11593,8.038859619804498
12905,7.32062428545353
2270,4.701790761653736
17436,6.733851668550729
22969,6.119824585835504
16432,8.450081412797855
1802,5.510607114734236
10374,7.067318073785108
15190,6.7643125421057935
8417,7.144271859608427
10057,7.831244718468673
9252,6.8492823472857065
10257,7.912206513970288
6922,7.3743316151427205
26245,7.107398170568087
10912,7.692567583599567
1304,7.7414653016748005
21100,4.847682313943777
24183,8.668918741232915
12556,7.971525057209096
24098,7.582748118414207
2735,5.065718040443178
24780,6.569523271740519
19333,6.6200241936870725
23690,8.015613163670372
2547,7.460904624193954
5115,7.818419087498119
20041,4.480548627411697
12108,4.507803093224122
27960,8.521423985071557
4561,8.107797386271221
2196,4.5142159087093985
6743,8.648077090905767
1704,6.983149870540854
17104,7.825633504919056
1291,8.38595325794509
16190,8.741864517377937
28496,5.41120847471245
7517,5.472931823758237
25588,8.672926750911213
24811,6.372329195568266
26353,6.967117831827663
11012,4.429246103529485
25257,5.2917697862991755
4679,5.6845547347723615
24350,6.915013706009791
13050,6.326637885235671
16746,6.093371721958738
5909,4.899786439761649
12397,7.592367341642122
16068,7.444872585480763
397,7.714210835862376
5865,8.098979764978967
9738,6.3971788555737135
6779,5.614013764434319
25285,6.236858468441801
18356,7.585954526156845
27685,4.763514110699523
4111,7.0721276853990656
12523,8.389961267623388
15280,7.547477633245187
8981,7.758298942323652
27063,4.49337425838225
12149,8.67693476058951
1596,4.67774270358395
13836,6.7643125421057935
27177,5.975536237416783
7917,5.572330463780022
25845,6.937458560208259
26292,6.490966282045882
6139,7.233249674466638
20199,5.322230659854238
26865,6.167119100039418
25922,6.852488755028345
20192,8.167115929510029
24832,7.527437584853698
11058,8.049280444968073
29065,5.15469585530139
7669,6.75068530919958
14174,7.217217635753446
483,8.62643383864296
773,6.574332883354477
11022,5.917820898049294
22977,7.829641514597353
29110,5.711007598649127
25787,5.207601583054921
7840,6.405194874930309
7603,5.277340951457303
27206,6.893370453746982
17685,7.765513359744588
29129,6.996777103447066
17739,7.510603944204847
13837,8.62723544057862
5099,5.701388375421212
26914,7.077738898948683
2233,6.772328561462389
24573,5.197982359827006
17193,4.7490852758576505
18884,8.612806605736747
26894,6.551888029156009
29210,4.468524598376804
2785,6.210405604565034
19372,6.890965647940003
8770,7.858499184281097
3582,8.434850976020323
23860,4.645678626157567
7975,7.915412921712926
21841,7.565112875829698
2320,7.787156612007395
21374,5.148283039816113
6746,4.991970662362498
20510,6.177539925202993
1808,5.797580607700359
9737,6.864512784063239
12333,8.760301361898106
21386,4.435658919014761
7823,5.175537505628538
17677,8.126234230791392
9759,7.880142436543906
8152,7.526635982918037
26652,6.331447496849629
11429,4.689766732618843
21837,6.615214582073115
18290,6.078942887116867
27948,8.680141168332149
19971,5.181950321113815
23317,6.297780215551928
3400,7.299782635126382
27824,5.371929979865131
3920,7.298981033190723
26774,6.129443809063419
20153,4.482151831283016
12028,5.234054446931687
25175,6.216016818114651
3215,5.389565222449642
15625,5.868923179974061
24370,4.893373624276372
16823,7.06331006410681
11569,6.001187499357888
25294,5.234856048867346
28675,6.227239245213886
8136,6.890965647940003
11870,6.191968760044865
18392,5.354294737280621
24970,6.951085793114471
3182,8.257696948239559
3758,7.4432693816094435
28378,6.8156150659880055
22899,5.572330463780022
17243,7.222828849303063
8214,4.819626246195693
9070,5.973933033545464
13817,8.377937238588494
9155,7.390363653855912
13372,8.31621388954271
16444,8.490963111516493
3617,8.270522579210112
18912,4.581550471304802
3542,7.839260737825267
10440,7.359101178365189
11536,8.638457867677854
1744,7.3094018583542955
13489,6.29297060393797
10150,6.543872009799413
4951,6.755494920813538
9536,5.661308278638234
1676,4.463714986762846
14106,7.812807873948502
120,6.252890507154992
24919,5.873732791588019
25636,5.298984203720111
5048,6.652088271113454
4120,4.637662606800971
16861,5.352691533409303
23439,8.126234230791392
3987,6.583150504646732
22812,7.850483164924501
25772,5.354294737280621
13685,5.446478959881471
10484,5.740666870268531
15828,4.531049549358249
5383,5.344675514052707
8673,8.745070925120574
20680,7.52262797323974
22933,6.910204094395834
8049,4.942271342351606
3143,5.053694011408285
13951,8.278538598566708
27964,8.573528110889427
521,4.930247313316712
386,8.042066027547136
12112,5.464915804401641
28357,7.844871951374884
27607,7.6388602539103765
28371,8.644069081227471
7543,8.757896556091127
18579,5.866518374167082
12429,7.759902146194971
20223,7.66932112746544
2450,6.061307644532356
27984,8.03324840625488
7105,5.916217694177975
25438,8.506193548294025
439,6.8925688518113235
27132,6.857298366642302
5930,6.612809776266136
169,4.956700177193477
26981,5.9611074025749105
6356,5.659705074766915
3979,4.850888721686415
24610,7.748679719095737
21233,7.7294412726399075
26761,6.538260796249796
3610,4.6168209564738225
9354,6.883751230519069
9125,8.615211411543726
4697,8.084550930137095
24900,6.964713026020684
28184,7.390363653855912
24685,5.932249732891167
682,6.223231235535588
12640,7.705393214570121
28877,7.222027247367404
6015,5.273332941779005
8576,7.023229967323832
27195,4.938263332673308
2136,6.291367400066651
13367,4.875738381691861
7306,7.338259528038041
16412,5.858502354810486
29098,5.808803034799594
17560,4.867722362335266
15268,8.31380908373573
460,7.177939140906128
25569,7.843268747503566
6170,8.113408599820838
15742,6.814011862116686
4372,6.16311109036112
28057,8.157496706282114
8338,7.0208251615168535
24438,7.893769669450117
12036,7.390363653855912
21898,6.864512784063239
13727,6.192770361980525
29836,6.3931708458954155
14045,7.315814673839573
1202,6.872528803419835
21383,5.22844323338207
22407,5.242872068223942
13167,4.474135811926421
24664,5.008804303011349
13726,6.777138173076346
2663,4.809205421032118
18948,5.737460462525893
10283,7.061706860235491
1979,8.135853454019307
7242,5.963512208381889
12668,7.871324815251651
20801,6.947879385371833
20676,6.975935453119918
7303,8.285753015987645
17164,5.76070691866002
28589,7.7254332629616105
8558,5.234856048867346
7892,6.2729305555464805
11867,4.571129646141228
19245,4.872531973949224
1941,8.648077090905767
28181,4.454095763534932
2529,8.769920585126021
2421,8.797175050938446
8375,8.460502237961428
16016,8.454089422476152
4107,4.809205421032118
13782,5.3727315818007915
10646,6.446076573648947
29368,5.253292893387516
12228,8.53344801410645
13759,5.443272552138833
5394,7.619621807454548
4195,5.41040687277679
1076,5.206799981119262
22320,7.920222533326884
17671,6.333050700720948
7556,5.460106192787683
17839,7.9859538920509685
1398,4.505398287417144
29245,7.02723797700213
19350,7.387157246113274
17711,7.189963169941022
28480,4.430849307400804
23179,7.06331006410681
14496,4.942271342351606
10964,4.624836975830418
837,6.229644051020864
11057,7.9346513681687565
24144,5.638061822504106
14294,4.531049549358249
17084,5.977139441288102
27977,7.500984720976932
2021,4.816419838453054
22118,8.551884858626618
18901,8.321023501156667
14396,6.570324873676179
24380,6.525435165279243
6919,5.1298461952959435
23983,5.41120847471245
9535,4.78756216876931
15984,8.389159665687728
16829,7.919420931391224
27394,8.656093110262363
20651,4.907802459118244
26561,6.325836283300012
21705,6.377940409117883
134,8.403588500529601
1335,7.806395058463226
24056,4.6721314900343325
6780,5.839263908354657
8,8.612005003801087
4706,6.446076573648947
6673,5.211609592733218
26462,6.773931765333708
18507,7.965112241723819
24562,5.125036583681986
10546,7.783148602329098
22536,5.973933033545464
29611,6.986356278283493
20227,6.740264484036007
4716,6.8709255995485155
9427,4.963112992678754
5182,6.82523428921592
21615,6.762709338234474
23423,5.198783961762666
12525,7.234852878337957
12695,5.420827697940364
18113,4.947882555901223
4086,8.674529954782532
24041,6.970324239570301
25911,8.270522579210112
4294,7.545072827438208
25556,6.930244142787323
27184,4.63926581067229
4224,6.878941618905111
16742,8.630441848321258
23981,6.361908370404692
13463,8.42042214117845
19049,6.174333517460354
12830,4.490167850639612
7095,4.7322516352088
8857,5.565116046359086
5585,8.119821415306115
8283,6.670525115633624
23818,8.283348210180666
13362,7.299782635126382
5054,7.383149236434976
4069,5.140267020459518
24494,7.868118407509012
28393,4.921429692024457
965,4.515819112580718
17396,6.7466772995212825
15298,7.697377195213525
25533,7.242067295758893
27942,8.224029666941858
13917,6.857298366642302
14581,7.791966223621353
22312,4.93425532299501
9300,4.573534451948206
25738,7.605994574548335
11799,8.438057383762962
20459,7.65088428294527
23154,6.377138807182224
20262,6.0813476929238455
9619,5.029645953338498
13327,8.179139958544923
10126,4.785157362962331
2174,6.75148691113524
26817,6.505395116887755
27850,4.5061998893528035
14069,5.703793181228191
15323,8.05328845464637
7224,5.780746967051509
8511,6.984753074412174
8055,4.568724840334249
23373,8.579139324439044
5049,4.827642265552288
7092,7.6132089919692705
18289,7.3879588480489335
9708,6.646477057563837
22121,5.562711240552107
28043,4.6937747422971405
14119,5.064114836571859
14269,7.343870741587658
3439,4.521430326130335
104,8.681744372203468
26336,5.196379155955687
29530,5.091369302384284
24433,6.01641793613542
4212,5.788762986408104
27781,4.402793239652719
25107,7.92823855268348
19035,7.828839912661694
14939,8.03645481399752
829,5.340667504374409
9654,7.985152290115308
20908,4.608003335181568
23375,8.438858985698621
5212,7.564311273894037
15610,4.742672460372374
22290,5.20920478692624
27983,5.808001432863934
29713,6.058902838725377
19203,5.238062456609985
29150,5.382350805028706
2435,6.790765405982558
24546,4.7490852758576505
23888,5.685356336708021
22412,6.808400648567069
7909,7.7414653016748005
17367,7.850483164924501
11748,8.755491750284149
13070,7.9466753972036495
15945,6.228842449085205
20079,7.055294044750215
26142,5.898582451593464
3367,5.144275030137815
16462,6.422028515579159
19572,7.605994574548335
21531,7.802387048784928
20966,8.379540442459813
17606,7.832046320404332
13060,4.812411828774756
10830,7.43124535257455
26369,5.81521585028487
8616,5.378342795350408
24917,6.106998954864951
26337,4.875738381691861
15312,4.41962688030157
14657,4.526239937744292
4880,8.079741318523137
12069,6.545475213670732
9090,7.157899092514638
4203,6.988761084090471
27745,5.500186289570662
25083,6.420425311707841
25475,4.940668138480286
8374,7.917817727519905
25903,7.961104232045521
18227,7.041666811844002
15467,7.830443116533012
13020,5.720626821877042
2031,7.351085159008594
19621,5.682149928965383
10176,5.185958330792113
6380,5.416819688262067
5175,7.4256341390249325
28488,4.761910906828204
23582,5.087361292705987
12609,6.659302688534391
28183,8.513407965714961
13821,7.462507828065273
2226,6.353090749112438
21025,6.405194874930309
25278,4.713013188752971
22873,6.478942253010988
21819,8.749078934798872
29654,6.517419145922648
16650,4.866920760399607
14785,4.473334209990761
26794,8.447676606990877
19744,6.2689225458681825
3329,6.223231235535588
11568,6.652889873049114
22061,5.663713084445213
19076,6.672128319504944
12861,8.325031510834963
12385,8.427636558599387
18963,7.034452394423066
29630,5.513813522476874
27439,6.545475213670732
4044,4.65850425712812
11681,5.426438911489981
16633,5.650085851539
8901,4.7114099848816515
20008,8.305793064379134
24668,6.617619387880094
479,5.2621105146797715
22826,8.749880536734533
18569,5.662109880573894
3462,7.794371029428332
22884,5.608402550884703
26911,4.826840663616628
6092,4.623233771959099
14763,7.488159090006379
20141,7.167518315742553
15376,6.374734001375245
20116,7.9506834068819465
22036,5.11782216626105
29355,5.735857258654573
25167,6.465315020104776
13925,8.426834956663729
7586,8.616013013479385
648,6.3202250697503946
971,5.724634831555339
4259,4.47493741386208
15969,7.459301420322635
7699,8.410802917950537
20600,7.035253996358726
19359,6.648881863370816
20197,5.199585563698325
29776,8.149480686925518
22024,4.945477750094244
24696,5.371128377929472
22379,6.389964438152777
1010,7.490563895813358
7925,6.976737055055578
15447,7.54106481775991
4307,5.22764163144641
29838,6.299383419423247
4016,8.038058017868838
4102,7.966715445595138
14015,6.974332249248599
12095,7.7077980203770995
18494,4.733854839080119
3227,6.987959482154811
327,4.959104983000456
14013,7.426435740960592
19987,8.318618695349688
26674,7.315814673839573
11929,8.248077725011644
4991,7.432046954510209
29456,7.238860888016255
10325,7.479341468714123
6613,4.767522120377821
9268,4.719426004238247
19850,7.129843024766554
2195,7.926635348812161
4746,6.507799922694733
23303,4.874135177820543
10550,8.158298308217773
29582,7.747878117160077
8868,6.8276390950228985
28953,6.164714294232439
7091,6.986356278283493
25452,7.888158455900502
23861,5.24527687403092
21199,7.145073461544086
4775,8.262506559853517
25448,8.596774567023555
18872,7.04647642345796
15622,5.174735903692879
23241,6.921426521495068
28438,4.784355761026672
29024,5.110607748840113
20624,7.832046320404332
6400,8.11100379401386
5118,8.034851610126202
18399,6.707398804673964
23574,6.9045928808462165
16306,7.911404912034628
16724,6.790765405982558
20379,4.8043958094181605
17768,8.622425828964662
21490,6.228842449085205
17468,7.004793122803662
2749,6.046878809690484
13352,7.040063607972683
8404,7.790363019750034
24131,6.650485067242135
14476,4.636861004865311
1007,4.724235615852204
5562,7.278940984799233
21136,7.8657136017020335
3943,7.4689206435505495
26798,4.963914594614414
10824,4.6681234803560345
20536,4.937461730737648
11196,7.279742586734892
18907,7.503389526783911
12826,4.9286441094453926
7179,7.087358122176598
27383,6.174333517460354
11267,8.042066027547136
23236,5.537059978611001
135,6.701787591124347
26805,4.704997169396375
19314,7.071326083463406
19141,8.151083890796837
16592,6.31140744845814
3352,7.441666177738124
21333,6.75148691113524
3201,6.99036428796179
11599,7.073730889270385
13749,5.456098183109386
24111,5.822430267705807
10905,8.236053695976752
10357,5.752690899303424
6803,6.263311332318565
7740,6.271327351675161
22308,6.347479535562821
27336,4.7627125087638635
29064,6.959903414406726
28065,8.260903355982197
317,8.600782576701853
147,7.363109188043487
9805,8.427636558599387
21266,7.624431419068504
14792,8.280943404373687
17783,7.251686518986808
25955,7.882547242350885
5804,7.440062973866805
10099,6.93585535633694
26672,6.938260162143918
9407,8.500582334744408
9296,4.60319372356761
9667,7.9506834068819465
6342,6.314613856200778
16145,4.4845566370899945
8605,7.7037900106988015
25350,4.965517798485733
820,6.010005120650144
4464,7.107398170568087
10261,6.03725958646257
9659,5.964313810317549
3487,6.216016818114651
10558,5.333453086953472
25994,5.040066778502072
24892,5.100988525612199
8689,5.687761142515
24253,8.581544130246023
14604,7.269321761571318
7221,4.444476540307017
3112,6.591968125938987
8518,5.165918282400623
18007,6.411607690415585
17985,8.51420956765062
8141,4.972732215906669
21079,8.469319859253684
19018,8.601584178637513
14198,6.95349059892145
2496,4.643273820350588
16607,8.602385780573172
14316,5.81521585028487
5941,6.833250308572516
8189,8.127035832727051
2506,7.589962535835143
23302,7.031245986680428
23531,7.034452394423066
23379,8.494169519259131
9164,6.9045928808462165
23826,6.3378603123349055
16114,6.583952106582391
13182,4.905397653311265
12901,4.545478384200122
22173,5.817620656091849
25298,4.7410692565010555
21554,7.469722245486208
27054,5.103393331419178
15818,6.614412980137455
25760,6.062109246468015
21059,7.54026321582425
14866,6.373932399439585
11217,7.091366131854895
1012,6.648881863370816
15954,6.193571963916185
14062,8.062907677874286
17876,6.608000164652179
8644,8.694570003174022
1035,6.913410502138472
6888,7.047278025393619
2271,7.858499184281097
697,7.666916321658461
21299,4.713013188752971
11230,6.974332249248599
3705,7.922627339133863
12025,4.966319400421392
23802,8.464510247639726
1452,6.416417302029543
15398,7.840863941696587
9827,5.77914376318019
7498,7.618820205518888
2791,5.267721728229388
9126,7.969921853337777
3306,7.9466753972036495
5517,4.751490081664629
18751,8.310602675993092
27376,8.688958789624404
12903,6.4444733697776275
23164,7.763910155873269
13757,5.860907160617465
28031,8.58715534379564
27375,6.966316229892003
9740,7.819220689433779
10348,5.567520852166065
28125,5.9747346354811235
25320,6.454092593005543
22660,6.728240455001113
12462,4.745878868115012
15556,8.187155977901519
1889,6.404393272994649
22155,7.492968701620336
22398,7.024031569259492
9850,5.759103714788701
5551,6.818821473730644
27274,6.636857834335922
19931,7.690964379728248
25382,8.414009325693176
5686,7.258900936407744
1414,8.34907956890475
20963,7.1001837531471494
1563,4.775538139734416
7347,8.523027188942876
25819,4.652091441642844
4685,5.0015898855904135
26580,8.541464033463045
8140,6.684953950475496
5260,5.125036583681986
29216,5.242070466288283
3624,7.025634773130811
12755,8.042867629482796
16096,8.56871849927547
24424,8.260101754046538
19738,7.327838702874466
181,7.515413555818804
17665,6.203992789079758
27829,8.182346366287561
18209,5.65088745347466
22243,5.3430723101813875
13745,8.180743162416242
5590,6.1286422071277595
470,7.124231811216937
29080,6.720224435644518
29534,4.482151831283016
2167,5.8464783257755935
1028,6.611206572394816
11181,7.550684040987825
8571,4.75068847972897
1424,5.879344005137636
14862,6.621627397558391
18693,5.717420414134404
13322,5.213212796604538
6913,4.458103773213229
8394,5.860907160617465
18237,7.299782635126382
10229,5.1715294959502405
29578,5.198783961762666
22953,6.82603589115158
13794,8.680141168332149
1193,6.019624343878059
26361,5.682951530901041
22662,5.241268864352623
23644,6.745875697585623
28280,7.470523847421869
5881,6.609603368523498
4158,8.302586656636496
2560,8.755491750284149
13366,8.523828790878536
22856,7.723028457154632
26136,8.230442482427135
17584,8.663307527683298
3735,6.590364922067668
13828,6.692969969832092
17391,6.4172189039652014
18600,8.55108325669096
29557,6.020425945813718
22774,7.661305108108845
3861,4.7274420235948424
5880,4.489366248703952
27070,5.263713718551091
22112,6.3282410891069905
2605,8.33144432632024
22372,8.262506559853517
5103,4.721029208109566
13600,8.40519170440092
1298,6.47573584526835
13573,5.593172114107171
21204,6.565515262062222
636,6.570324873676179
9441,5.139465418523859
24812,8.395572481173005
11946,8.01962117334867
22864,8.593568159280917
7192,8.755491750284149
7475,4.670528286163013
29606,6.385956428474479
19351,5.036058768823774
21405,7.601986564870037
4860,5.648482647667681
15068,7.382347634499316
20136,8.22162486113488
12163,7.207598412525532
7439,8.530241606363813
11840,6.194373565851844
25024,4.624035373894759
11021,8.571123305082448
27532,5.390366824385302
7307,5.928241723212869
13221,8.026835590769606
4060,5.654093861217298
23899,5.351889931473642
15020,4.875738381691861
23383,4.705798771332034
3127,7.991565105600586
16359,6.2689225458681825
11818,5.744674879946828
9646,5.1298461952959435
8341,7.337457926102381
24538,7.218820839624765
30,6.49497429172418
18832,8.489359907645174
18748,5.812009442542232
15975,7.105794966696767
12865,8.155091900475135
21188,5.08094847722071
3363,8.422025345049772
11125,8.158298308217773
19981,4.957501779129137
9041,7.826435106854715
3669,8.16631432757437
10821,8.5166143734576
26701,7.631645836489441
4346,6.418020505900862
19505,8.004390736571137
2645,5.310206630819345
18281,7.824831902983395
29751,5.174735903692879
1870,5.860105558681806
25758,5.412811678583769
961,5.1202269720680285
985,4.656901053256801
25064,5.163513476593645
6435,7.451285400966039
27552,6.058101236789717
29892,8.426033354728068
19320,4.733854839080119
24656,6.433250942678393
13001,4.983153041070243
26155,7.254091324793786
28929,7.167518315742553
13252,4.536660762907866
13417,8.535051217977768
15383,6.052490023240101
21157,7.506595934526549
28766,7.214812829946467
24011,4.397182026103103
16796,5.294174592106154
4388,8.291364229537262
7672,5.0689244481858164
9150,6.4997839033381375
13583,5.988361868387336
2982,6.347479535562821
3203,6.38435322460316
20229,6.287359390388353
25224,5.481749445050491
15632,8.383548452138111
14361,8.169520735317008
8478,6.583952106582391
1260,5.618823376048277
10464,8.152687094668156
8945,5.933051334826826
12514,4.522231928065994
5730,8.327436316641942
11747,7.402387682890806
11082,8.507796752165344
12934,8.076534910780499
15627,6.95268899698579
29332,5.965917014188868
15731,4.6424722184149285
12094,6.902188075039238
10470,6.642469047885539
5195,5.914614490306656
4058,7.242868897694553
22095,7.8657136017020335
9686,6.488561476238903
9160,8.023629183026967
28164,6.78755899823992
7162,4.8989848378259895
20210,8.498177528937429
16431,6.317820263943416
16770,4.653694645514163
22375,4.426039695786847
22720,5.7911677922150835
16952,5.453693377302407
14638,7.279742586734892
25015,8.264109763724836
1430,5.2188240101541545
17621,7.83445112621131
12190,4.678544305519609
25641,8.005993940442458
26379,4.67613949971263
3503,7.412808508054379
5515,8.574329712825087
9871,6.783550988561623
27222,8.29537223921556
1564,5.358302746958919
21318,8.046074037225434
24366,8.565512091532831
6984,6.445274971713287
4401,8.01721636754169
8693,8.042066027547136
27893,6.126237401320781
12726,6.931045744722982
17528,5.468923814079939
28961,4.4765406177333995
12292,5.676538715415766
28128,5.753492501239084
25565,7.790363019750034
1612,5.736658860590233
27932,6.2865577884526935
15698,7.31982268351787
8345,7.070524481527746
15072,6.305796234908523
18117,7.389562051920253
10743,7.5795417106715695
8120,6.453290991069883
24067,6.181547934881291
14429,5.286158572749558
16737,5.836057500612019
9274,8.449279810862196
12518,5.430446921168279
17404,7.064913267978129
1515,8.0011843288285
9754,5.695777161871595
20942,6.585555310453711
4011,7.02723797700213
18553,6.5887617181963485
140,6.818019871794984
29541,6.38435322460316
10317,8.213608841778283
26829,6.193571963916185
12536,5.217220806282835
19974,8.696974808981
29222,5.827239879319763
2255,8.25529214243258
17395,4.879746391370159
18941,6.706597202738305
26979,7.602788166805697
23700,6.151087061326227
6505,5.61481536636998
23999,6.625635407236689
25626,5.654093861217298
8881,8.60639379025147
19347,5.771127743823595
3419,6.317018662007756
5688,4.668925082291694
27972,6.29377220587363
20416,5.37353318373645
25573,7.507397536462209
17240,8.419620539242793
21298,7.600383360998718
13083,5.4617093966590025
4825,8.431644568277685
3687,7.8617055920237355
7758,4.674536295841311
19834,5.138663816588199
10194,7.159502296385957
20466,4.745878868115012
2291,6.907799288588855
4473,5.4240341056830035
5479,7.406395692569103
19208,4.684957121004886
17312,8.318618695349688
24924,8.631243450256918
10625,5.929844927084188
27339,8.021224377219989
27905,7.8144110778198215
4154,4.718624402302588
29325,4.6168209564738225
209,6.091768518087419
29621,7.673329137143738
12796,6.793170211789537
15685,8.403588500529601
23058,8.748277332863212
2606,6.803591036953112
14144,4.974335419777988
2588,4.698584353911098
6663,5.527440755383087
18495,4.797181391997224
13409,7.363109188043487
16163,4.552692801621058
28749,5.311809834690664
11039,4.963112992678754
22461,7.748679719095737
24672,7.390363653855912
13268,6.8532903569640045
27202,5.753492501239084
2871,7.5322471964676545
21435,8.058899668195988
7572,7.487357488070719
22443,5.537861580546661
10291,7.604391370677016
27023,4.890968818469394
20913,7.5186199635614415
21048,4.654496247449822
2906,8.722626070922107
22947,6.141467838098313
2703,8.38675485988075
6073,5.290166582427856
24138,6.789963804046899
22676,5.486559056664449
2352,5.498583085699343
12362,7.642868263588674
11643,6.019624343878059
16493,7.9210241352625435
12115,8.56711529540415
1752,7.509802342269187
2300,7.269321761571318
14273,5.451288571495429
5776,6.814813464052346
14186,6.999181909254045
7629,5.075337263671093
12023,8.260903355982197
17478,7.565914477765356
15377,6.47573584526835
16923,7.2893618099628075
24552,5.848081529646912
1641,6.559904048512605
15444,7.673329137143738
24369,5.249284883709218
15551,4.448484549985315
2493,7.460904624193954
24608,4.616019354538163
5318,5.458502988916365
22495,7.9979779210858615
16986,5.294976194041814
28621,8.650481896712746
12785,5.70539638509951
29880,8.024430784962627
6721,8.022827581091308
6281,6.427639729128776
22355,4.811610226839097
17098,5.055297215279604
20091,5.622831385726575
20808,8.27533219082407
20972,4.641670616479269
20949,5.59557691991415
19340,6.361908370404692
19753,4.799586197804203
26687,5.053694011408285
5033,8.396374083108665
26516,6.248080895541034
3111,5.609204152820363
17680,8.29376903534424
13982,8.335452335998538
23654,7.250884917051148
25619,7.479341468714123
11810,7.860903990088076
22323,5.239665660481304
6804,4.4468813461139955
23108,6.739462882100346
25676,4.623233771959099
6443,5.312611436626324
24836,8.212807239842626
25354,7.735052486189524
29921,8.737856507699638
2211,5.421629299876025
14145,5.403994057291515
23109,5.216419204347176
25704,6.814011862116686
29172,5.669324297994829
